"CED","Family1Child","Family2Children","Family3Children","Family4Children","Family5Children","Family6PlusChildren","FamilyChildrenNA","HHInc_Negative","HHInc_Nil","HHInc_1_149","HHInc_150_299","HHInc_300_399","HHInc_400_499","HHInc_500_649","HHInc_650_799","HHInc_800_999","HHInc_1000_1249","HHInc_1250_1499","HHInc_1500_1749","HHInc_1750_1999","HHInc_2000_2499","HHInc_2500_2999","HHInc_3000_3499","HHInc_3500_3999","HHInc_4000_4499","HHInc_4500_4999","HHInc_5000_5999","HHInc_6000_7999","HHInc_8000_Plus","HHInc_Partial","HHInc_All_incomes_not_stated","HHInc_NA","HHTotal","Rent_Nil","Rent_1_74","Rent_75_99","Rent_100_124","Rent_125_149","Rent_150_174","Rent_175_199","Rent_200_224","Rent_225_249","Rent_250_274","Rent_275_299","Rent_300_324","Rent_325_349","Rent_350_374","Rent_375_399","Rent_400_424","Rent_425_449","Rent_450_549","Rent_550_649","Rent_650_749","Rent_750_849","Rent_850_949","Rent_950_Plus","Rent_Not_stated","Rent_Not_applicable","Age_0_4","Age_5_9","Age_10_14","Age_15_19","Age_20_24","Age_25_29","Age_30_34","Age_35_39","Age_40_44","Age_45_49","Age_50_54","Age_55_59","Age_60_64","Age_65_69","Age_70_74","Age_75_79","Age_80_84","Age_85_89","Age_90_94","Age_95_99","Age_100_Plus","NeverMarried","Widowed","Divorced","Separated","Married","MaritalStatusNA","Male","Female","Population","Ed_Postgraduate_Degree","Ed_Graduate_Diploma_and_Graduate_Certificate","Ed_Bachelor_Degree","Ed_Advanced_Diploma_and_Diploma","Ed_Certificate_III_IV","Ed_Secondary_Education_Years_10_and_above","Ed_Certificate_I_II","Ed_Secondary_Education_Years_9_and_below","Ed_Supplementary_Codes","Ed_Not_stated","Ed_Not_applicable","LabourForceStatus_Employed_worked_FT","LabourForceStatus_Employed_worked_PT","LabourForceStatus_Employed_away_from_work","LabourForceStatus_Unemployed_looking_for_FT","LabourForceStatus_Unemployed_looking_for_PT","LabourForceStatus_Not_in_the_labour_force","LabourForceStatus_Not_stated","LabourForceStatus_Not_applicable"
"Banks",11868,11201,3593,843,180,73,33478,127,831,371,1118,1604,3116,1983,3291,2964,3848,3509,3039,2959,5994,3850,2691,2148,1215,1166,1115,795,140,3937,1243,5249,58297,402,206,195,1216,316,539,298,510,216,325,197,502,289,778,789,1582,845,3866,1813,771,243,60,79,613,41643,9444,9250,8722,9422,10688,11555,11461,10286,10387,10195,10602,10141,8551,7236,5457,4481,3668,2636,1311,285,29,40570,7554,9819,3532,66927,27413,75780,80031,155804,8333,1948,22905,12431,15745,41077,64,10355,5982,9559,27413,46085,23083,3557,2418,2403,45079,5770,27413
"Barton",13019,10308,3238,871,177,69,41666,168,1347,536,1151,1437,3016,1939,3596,3406,4297,4108,3577,3423,6820,4293,3038,2416,1220,1155,1023,727,91,4542,1123,7427,65885,577,98,88,519,151,311,195,406,247,382,233,652,371,972,819,1912,1090,5860,4075,1344,438,192,220,685,44066,10307,9145,8112,9044,13661,18197,16774,12999,11684,10762,10294,9141,8050,6931,5375,4636,3752,2499,1187,288,17,52564,7055,10055,3945,71671,27569,85725,87130,172852,11693,2173,28881,13387,13648,43563,48,11617,6954,13331,27569,52297,26219,4158,2957,2884,47775,8992,27569
"Bennelong",12778,11897,3284,571,81,19,38867,163,1461,509,1055,1250,2644,1862,2870,2978,4012,3778,3446,3275,6680,4401,3189,3158,1745,1751,1751,1478,238,4341,1072,6232,65322,518,162,139,685,221,401,251,388,279,406,198,489,394,941,841,1628,1094,5124,3422,1747,691,333,338,693,43923,10216,9709,8479,9619,13513,14286,14382,12875,11552,10754,10823,9819,8701,7145,5074,4301,3473,2654,1253,296,23,48572,6615,8445,2795,74121,28399,82362,86578,168948,17086,3045,35865,13314,11803,37442,58,7136,5692,9112,28399,53794,24530,3651,2673,2920,47155,5819,28399
"Berowra",9604,12304,4227,946,156,68,24731,63,418,272,503,630,1630,1245,1952,1990,2636,2522,2123,2268,4786,3699,3015,3018,2075,2167,2158,1806,317,4202,739,3993,50228,311,47,38,172,74,88,84,140,82,118,105,213,85,177,123,277,146,1070,1288,895,470,233,209,293,43493,7745,10055,10200,10565,8899,6182,6545,8512,10666,11109,11018,10278,8708,7806,5974,4294,2938,2148,1159,317,20,32587,5727,6671,2142,70012,28000,71298,73836,145132,10987,3206,27253,12612,13457,31440,51,5775,4852,7493,28000,45216,24034,3046,1587,1733,36866,4655,28000
"Blaxland",11650,10429,5160,2172,693,341,30545,209,1017,435,1496,1845,3457,2513,3966,3757,4403,3824,3035,2658,4633,2870,1738,1243,675,502,514,296,57,4179,1330,6292,56938,507,284,262,1335,326,784,416,665,313,523,289,843,561,1476,1087,2441,938,4116,1315,398,108,31,54,833,37033,13426,12317,11142,11310,14141,16141,14346,11788,10659,10339,10252,9710,7965,6575,4774,3672,2805,2015,997,240,18,44361,6899,10720,4921,70841,36885,89071,85557,174633,5455,1062,17320,11047,13942,50986,141,15070,9097,13620,36885,39035,21541,3884,4045,3302,57156,8780,36885
"Bradfield",11393,12865,4254,761,99,32,31363,111,974,393,646,676,1621,1452,1864,2105,2915,2817,2480,2511,5318,3477,2719,4046,2495,2726,2998,3422,531,4826,977,5472,59573,470,45,62,148,76,133,69,130,83,84,60,181,87,203,159,553,439,3097,2104,1345,890,652,1655,449,46404,9025,11436,11416,11444,9071,7643,9293,10709,11663,12283,11360,9549,8055,7392,6025,4867,3895,3040,1619,430,26,35456,6812,7031,2176,76896,31880,76947,83304,160251,17943,3765,38836,12226,6802,31004,15,5014,4733,8044,31880,47877,24328,3012,1904,2051,43998,5196,31880
"Calare",9657,8526,3908,1134,262,127,42982,170,567,521,1541,2181,5123,2985,4954,4086,4851,4282,3193,3149,5439,3251,2116,1556,736,717,506,403,51,4257,2025,12642,71305,775,302,208,906,481,1093,944,1659,962,1876,1216,1768,767,1150,540,631,212,333,63,19,15,8,33,631,54715,10497,11113,10420,10359,9331,9448,9401,8977,9987,10561,10704,10829,9775,9633,7542,5302,3799,2351,991,245,36,43624,8213,11902,4741,60781,32032,80636,80661,161298,2915,1963,12813,9831,25460,39257,200,13945,4329,18558,32032,41885,21869,3988,2839,1733,46416,10531,32032
"Chifley",12872,11751,5189,1974,600,370,27875,142,539,291,1070,1442,2769,1924,3569,3317,4093,4001,3318,3228,6167,3745,2299,1399,792,569,546,287,47,3870,1339,5371,56141,264,246,220,1196,455,801,523,694,387,648,595,1721,1161,1980,1381,2219,938,2122,413,117,32,14,22,698,37302,13603,13525,12094,12551,12581,12499,13581,12280,11239,10790,10330,9522,7993,6851,4602,3137,2091,1214,643,119,5,47798,6517,8943,4970,63795,39229,84508,86737,171251,5124,1047,17292,10415,17886,48324,172,13730,5487,12555,39229,47514,19386,3939,3860,2815,46894,7610,39229
"Cook",9562,9604,3577,741,87,30,33102,88,601,328,779,1143,2692,1782,2759,2781,3534,3129,2741,2681,5487,3785,2809,2661,1479,1503,1519,1301,221,4000,1210,6444,57459,359,82,76,471,103,202,108,208,121,272,166,381,302,636,548,1219,708,3016,1708,1028,459,227,327,412,44320,8253,8467,8165,7904,7668,8368,8802,8958,9941,9929,9380,9068,7934,7289,5924,4641,3804,2982,1286,303,18,35409,7094,9801,3169,58713,24889,67496,71566,139060,5390,2010,19228,12946,18318,33775,65,7490,5222,9728,24889,44278,21396,3464,1432,1319,36509,5778,24889
"Cowper",10031,7836,3161,970,234,105,49228,160,565,465,1608,2676,6372,3986,6983,5555,5981,4951,3241,3013,4748,2577,1366,1078,449,410,326,270,27,4102,2367,11538,74831,561,207,143,1127,417,909,728,1365,950,1700,1325,1773,968,1640,1095,1047,480,1248,298,71,45,17,49,612,56056,8178,9726,9486,9129,7222,7382,7494,7583,9109,9764,10845,12083,11824,11953,9566,7260,5108,3504,1675,375,36,39660,10335,15803,5497,60636,27400,77043,82279,159322,2628,1934,12997,11273,25861,39968,268,14583,4883,17525,27400,32292,23819,3532,2884,1963,57333,10098,27400
"Cunningham",10095,9845,3519,841,172,64,39451,117,763,488,1484,2169,4333,2499,4165,3579,4326,3775,2968,2997,5571,3823,2605,2075,1120,998,887,589,81,4293,1613,7740,65069,361,269,228,1597,426,734,577,890,534,1071,701,1465,940,1478,882,1302,560,2345,923,354,128,66,59,566,46604,8899,9413,8836,9885,12688,10577,9683,9468,10341,9953,10242,9837,8564,7718,6173,4983,3917,2690,1239,253,25,46583,7792,10907,3742,59198,27152,76873,78513,155381,7441,2738,19369,11834,21861,36431,134,11761,5124,11538,27152,40463,24374,3604,2417,2748,47532,7092,27152
"Dobell",10461,9594,4027,1103,269,93,37138,101,549,376,1054,1779,4501,2845,4632,4046,4552,4165,3335,3096,5517,3401,1948,1431,670,586,472,320,54,4093,1906,9296,64709,331,112,134,627,210,548,410,709,380,808,706,1640,1069,1792,1134,1377,589,1956,357,106,37,15,35,443,49175,9409,10404,10138,9746,8923,8317,8859,8913,9798,10184,9984,9899,9181,8839,7068,5534,4063,3016,1418,343,37,40312,8850,13452,5139,56362,29956,74439,79635,154063,2314,1431,10959,10946,26024,41151,173,12647,4441,14031,29956,38559,22772,3623,2854,2003,46285,8024,29956
"Eden-Monaro",8896,8071,3208,845,182,77,43281,129,454,434,1148,1821,4245,2620,4322,3832,4674,4187,3138,2949,5528,3309,2339,2045,979,1043,872,762,140,4328,1833,14640,71758,794,200,192,645,360,920,810,1389,802,1328,755,1261,578,927,439,643,257,709,304,128,62,54,234,516,57441,8180,9298,9151,8590,7100,7558,8177,8143,9739,10904,11073,11432,10533,9660,6804,4784,3180,2060,930,200,25,37433,6982,11875,4070,60539,26633,73772,73763,147532,4749,2741,14562,10777,22277,36400,134,10335,3820,15107,26633,43193,21400,4279,1753,1308,39424,9553,26633
"Farrer",9264,8229,3948,1146,241,131,47020,201,607,520,1526,2279,5298,3273,5495,4898,5515,4995,3504,3264,5585,3061,1719,1232,460,501,342,372,67,4409,2613,14421,76162,1206,410,373,1185,1064,2109,1679,2066,1220,1809,944,1117,452,608,259,307,54,180,37,21,18,4,55,728,58241,10129,10681,10579,10147,9017,9139,9193,8720,9756,10368,10825,11611,10770,10124,7897,6200,4393,2844,1216,323,39,41534,9237,11276,4652,65892,31391,81183,82797,163981,2071,1771,11544,9498,25016,43171,191,16245,4242,18830,31391,43839,23204,4461,2556,1581,45038,11911,31391
"Fowler",12518,11449,4759,1570,402,191,28139,175,982,436,1426,1725,3337,2194,4131,3662,4242,3633,2783,2632,4288,2745,1688,1229,642,516,461,321,66,3960,1262,5557,54088,435,205,179,964,286,759,370,695,381,857,993,2290,995,1589,882,1700,804,2725,544,129,48,17,36,655,35533,10546,10365,10413,11192,12634,12141,11620,10517,10567,10941,11063,11000,9227,7412,4940,3885,2816,1949,790,192,17,44158,7325,11972,5305,64147,31328,80943,83294,164235,2817,708,13307,9892,14348,50107,180,17744,10565,13247,31328,37975,18568,3421,3701,3316,57305,8624,31328
"Gilmore",8880,7277,2997,879,185,60,45902,133,575,485,1420,2233,5742,3455,6406,4996,5528,4594,3076,2842,4402,2503,1439,1100,529,511,363,317,47,4224,2108,24135,83163,558,121,154,553,254,799,607,1028,706,1565,1110,1696,907,1156,620,743,253,663,166,93,30,10,55,499,68814,7410,8375,8448,8050,6725,6452,6846,6953,8249,8805,10029,11699,12242,12752,10130,7377,4993,3294,1278,300,24,34693,9531,13518,4559,63900,24228,74171,76264,150435,3199,2344,12205,11219,26360,36395,188,13112,4729,16461,24228,30414,22300,3493,2283,1558,56607,9552,24228
"Grayndler",9932,8320,1857,315,44,11,45318,111,743,369,945,1253,2280,1619,2338,2487,3432,3287,3120,2981,6471,3880,3150,4255,1883,2157,2537,2680,185,4331,990,9451,66931,442,116,133,710,171,346,279,463,335,491,413,787,537,1176,900,1736,1029,4740,3233,2464,1647,1028,1373,605,41785,9089,8035,6187,5328,10131,14844,15337,13733,12915,11185,9728,8091,7044,5900,4199,3023,2355,1533,674,176,12,58893,4657,10728,3052,48877,23311,72830,76681,149514,15067,4137,34600,11411,10018,27414,34,6627,4276,12620,23311,56491,22348,3604,2166,1816,29842,9936,23311
"Greenway",12828,14390,4401,1112,277,121,27359,95,599,274,745,1025,2053,1433,2427,2518,3356,3477,3169,3335,7081,5051,3640,2693,1449,1230,1120,582,81,3774,968,4277,56471,257,160,131,604,176,325,192,348,175,300,186,510,396,1075,1099,1844,779,3050,1772,710,105,27,31,459,41778,13734,13570,11263,10827,10297,11920,15037,15529,13466,11193,9988,8783,7614,6283,4114,2835,1905,1177,437,92,9,39691,5120,8499,3633,74565,38566,85420,84648,170068,9687,2011,23962,12788,17601,40648,97,9351,4950,10401,38566,55927,22217,3890,2931,2478,38295,5762,38566
"Hughes",9916,11907,4370,868,145,35,25088,73,374,219,490,700,1936,1300,2097,2194,3025,2735,2544,2704,5743,4578,3471,2711,1749,1569,1414,987,144,3770,836,3810,51181,199,61,51,303,74,147,71,183,200,309,110,253,105,290,312,889,494,2030,1073,564,217,68,58,283,42831,9870,10392,9663,9320,8794,8244,9112,9939,10886,10327,9847,9259,7912,6919,5286,3352,2345,1743,838,225,22,34101,5280,7904,2857,64226,29925,71073,73218,144288,5799,2307,19004,13075,20999,34299,61,6905,4894,7020,29925,48464,23211,3402,1456,1438,32616,3788,29925
"Hume",9640,9905,4349,1216,298,111,31916,107,417,317,789,1201,3113,1799,3294,3049,3694,3436,3016,2999,6020,4110,2700,1995,1085,897,780,515,84,3989,1350,8327,59116,557,134,102,425,192,466,304,548,265,645,402,817,348,648,487,773,323,1636,465,96,43,8,28,389,49032,10093,10839,10530,9926,8639,8738,9304,9202,10565,10509,10250,9633,8855,8201,5931,4033,2698,1688,790,202,21,36624,6171,9875,3916,62591,31465,74775,75866,150643,3055,1725,11628,11139,26135,37956,125,10787,4185,12436,31465,46679,22030,3982,1913,1463,36026,7079,31465
"Hunter",10392,9527,3798,1032,214,113,38119,109,532,385,1158,1802,4391,2603,4770,4023,4762,4133,3273,3085,5867,3541,2087,1502,787,729,533,369,49,4073,1617,9449,65627,484,153,186,699,328,864,547,997,604,1449,1105,1893,885,1363,807,698,280,930,128,30,10,3,28,491,50670,10247,10438,9977,9816,9191,9302,9708,9176,9964,10210,10161,10402,9594,9112,7056,4868,3681,2453,1132,282,12,40882,7981,11882,4663,60724,30658,77728,79066,156796,2354,1366,10061,9732,28918,39936,195,15033,4249,14287,30658,39414,21991,3826,3288,2041,47934,7644,30658
"Kingsford Smith",11259,10166,2928,499,71,25,48201,207,1947,588,1444,1864,3128,2141,2849,2971,3794,3617,3285,3152,6680,4314,3340,3632,1742,1915,1986,1841,230,5172,1728,9327,72899,578,334,271,1755,401,587,364,543,268,422,239,504,344,668,599,1414,773,5255,5446,3762,1741,967,1546,962,43162,9753,9097,7813,10318,18262,17532,16112,13843,12381,11115,10224,8764,7659,6795,5480,4320,3242,2319,966,222,13,69854,6259,10485,3559,59406,26669,87225,89009,176232,14374,2829,33999,12613,14199,41800,47,7764,5161,16774,26669,56459,24754,4152,2282,2881,47813,11229,26669
"Lindsay",12187,11079,4520,1411,337,176,33815,108,542,259,870,1316,2940,2016,3445,3336,4423,4161,3600,3578,6944,4474,2822,1947,1024,867,738,489,92,3806,1359,6392,61534,294,148,127,699,211,461,284,503,336,825,833,1339,904,2323,1668,2166,763,2400,691,153,60,19,33,535,43777,12554,12078,10697,10846,11810,12859,13231,12051,11583,10673,9930,9650,8440,7548,4967,3334,2166,1313,633,150,9,47629,5936,11537,5024,61071,35327,82101,84427,166527,3856,1420,12490,11066,25407,46557,141,12561,4582,13120,35327,53633,21654,4112,2928,2017,39231,7621,35327
"Lyne",8548,7088,2989,918,207,77,44555,154,586,546,1421,2162,6192,3494,6915,5030,5426,4325,2851,2574,3891,2181,1231,968,458,389,311,293,49,4041,2203,13549,71237,631,123,114,559,336,844,746,1196,790,1389,992,1467,740,983,517,518,154,383,60,23,15,7,41,448,58166,6885,8451,8603,8213,5700,5416,5693,6241,7940,9076,10144,11217,11755,12664,10368,7375,4920,3204,1255,323,33,31704,9579,13306,4687,62258,23935,71263,74214,145480,1959,1550,9798,9962,25607,37052,193,15206,4605,15606,23935,28333,20473,3468,2719,1708,56285,8559,23935
"Macarthur",12179,11205,4685,1607,468,230,29247,81,505,285,838,1214,2641,1941,3315,3257,4106,3888,3537,3325,6196,4028,2523,1714,937,736,625,389,80,3798,1147,5155,56251,245,169,150,872,349,568,372,583,287,522,475,1070,779,1831,1279,1888,623,2116,776,131,33,16,14,523,40564,12452,12332,11123,11084,11614,12044,12784,11359,10905,9841,10095,9809,8638,7211,4623,2915,1743,967,388,81,3,44519,5061,10116,4954,61463,35903,79775,82248,162020,3980,1298,12863,11209,22600,45997,172,11438,5116,11436,35903,49221,20600,3941,3156,2340,39817,7044,35903
"Mackellar",9479,11281,3891,725,81,21,32359,85,470,294,638,934,2154,1609,2275,2367,3281,2971,2566,2600,5432,3950,2931,3135,1916,2006,2008,1740,229,4466,1173,7307,58549,337,46,56,284,122,118,55,123,94,111,77,210,95,255,236,463,299,2335,1630,1173,923,630,1018,364,47482,8871,10358,9579,8870,7513,6821,7992,9409,11345,11275,10701,9429,8371,7932,6829,5099,3620,2668,1479,420,25,34513,7091,10171,2847,65179,28813,72521,76092,148607,6925,2627,23742,14638,17223,33202,84,5883,5373,10108,28813,45552,25845,3323,1236,1387,36171,6294,28813
"Macquarie",9577,8999,3684,993,179,109,32906,113,421,304,829,1228,3044,2165,3231,3190,4010,3592,3094,3015,5577,3872,2480,1978,1088,911,786,514,83,3711,1188,7952,58376,396,77,58,171,92,430,273,441,290,630,381,876,497,1064,782,1178,478,1474,394,125,50,27,37,341,47813,8333,9278,9320,9345,8015,7418,7601,8114,9674,10416,10112,10257,9332,8618,6223,4024,2725,1665,762,194,20,37340,5820,11331,3666,56352,26930,69052,72390,141441,5469,2742,15821,12209,22583,33251,87,8436,4223,9684,26930,42079,22778,3304,1678,1552,37081,6045,26930
"McMahon",11929,11295,5196,1874,516,260,27645,176,802,372,1028,1383,3138,2002,3721,3414,4103,3688,3139,2905,5274,3476,2229,1550,873,660,638,367,67,4057,1153,4963,55196,369,139,143,739,205,490,269,517,229,471,335,919,676,1487,1103,2146,948,3301,829,265,72,23,30,502,39004,12032,11814,10559,10789,12110,12436,12523,11657,10805,10602,10518,10038,8458,7244,5128,3803,2654,1647,719,154,10,43311,6712,9643,4861,66761,34402,82228,83470,165697,3730,1036,14257,10794,18187,47840,143,15339,8465,11502,34402,43852,19419,3637,3317,2556,51479,7031,34402
"Mitchell",10586,13717,4573,968,166,58,23884,79,494,249,417,531,1567,1167,1922,1995,2747,2616,2365,2524,5714,4371,3603,3242,2047,2066,1994,1483,224,3939,708,3839,51897,217,20,30,84,49,88,41,82,61,120,47,141,71,149,91,325,200,2291,2421,1260,464,224,172,263,42978,10154,12079,11206,10376,8952,7487,9417,11646,12545,11474,10063,9037,8013,7377,5596,3566,2262,1432,626,136,6,32652,4990,6731,2422,73214,33442,75102,78349,153450,10558,2610,26965,13428,14586,34329,43,6207,4962,6314,33442,51108,23315,3087,1829,1998,35155,3515,33442
"New England",9083,7563,3558,1068,240,110,44019,223,550,485,1538,2220,5373,3280,5610,4630,5134,4422,3105,3066,4863,2591,1498,1147,470,477,308,306,51,4189,2227,12204,69977,1309,310,277,904,681,1432,1168,1821,1165,1860,1111,1639,733,872,428,419,130,338,66,18,6,8,47,736,52509,9298,10182,10248,10008,8922,8512,8437,8026,9129,9553,10143,10773,10126,9590,7712,5850,3892,2520,976,254,35,40969,8601,11292,4651,58943,29732,75389,78796,154187,3266,1766,11730,9096,22787,39521,200,14682,4111,17297,29732,39385,21201,3846,2679,1750,45039,10561,29732
"Newcastle",10175,8865,3060,672,142,56,42242,103,640,372,1438,2139,4334,2696,4146,3855,4611,4239,3476,3271,6168,3962,2623,2038,1003,924,922,620,54,4305,1465,8289,67689,366,329,240,1526,389,777,477,924,584,990,803,1706,1222,2265,1543,1776,714,2558,724,270,136,56,95,597,46620,8993,8826,8124,8806,13563,12286,11172,9887,10027,9820,9736,9645,8373,7095,5440,4045,3154,2409,1263,256,29,51776,7283,12066,3924,51952,25948,75477,77472,152949,6715,2546,21609,11293,21779,37370,128,10492,3987,11089,25948,43045,25734,3778,3017,2669,41206,7560,25948
"North Sydney",10780,9733,2853,446,42,11,46902,160,1033,409,762,1040,1898,1484,1957,2331,3129,3149,3029,3095,7399,3850,3235,5974,2484,2894,3285,4224,443,4879,1235,10290,73657,558,127,121,636,119,222,106,210,102,189,124,317,246,480,450,1090,713,5678,5357,3066,1891,1246,2305,680,47628,9984,9335,8073,7633,8850,13421,15834,14353,12742,11258,9899,8916,7920,7457,5422,3848,2820,2186,1258,283,26,49237,5493,10322,2950,66116,27395,77793,83724,161524,19354,4337,43115,12712,7493,27862,35,4234,4409,10582,27395,60427,22441,3560,2085,1782,35849,7977,27395
"Page",9941,8031,3363,1053,227,116,48323,188,557,487,1697,2448,6495,3848,6805,5479,6062,4831,3310,3143,4577,2431,1285,955,396,365,261,215,39,4282,2103,11263,73509,740,191,172,691,470,1024,855,1447,940,1921,1301,1943,860,1143,474,564,175,519,119,63,22,14,47,538,57304,8383,9942,9807,9780,7278,7067,7303,8004,9435,10193,11541,12710,12673,11435,8463,6204,4396,2913,1250,301,41,41941,9014,14681,5194,60145,28125,78412,80696,159107,2457,1984,12734,10141,25934,41027,211,15099,4611,16791,28125,33261,24409,3565,3151,2131,54333,10138,28125
"Parkes",9257,7486,3663,1287,281,136,44997,268,501,485,1581,2330,5055,2939,5042,4292,4958,4177,3084,3055,5124,2813,1709,1316,549,521,342,344,62,4563,2851,15328,73283,1699,910,585,1349,926,1997,1459,1906,843,1397,726,1203,388,703,275,346,89,250,51,26,19,16,55,926,55144,10763,11121,9507,8725,8584,9602,9116,8370,8970,9700,10518,10915,9515,8750,6945,5433,3681,2384,919,208,25,43056,8486,10325,4703,55808,31393,76382,77382,153770,1722,1369,10069,7738,21953,40353,197,16155,3520,19295,31393,42161,18299,4041,3018,1551,41273,12034,31393
"Parramatta",15162,11726,3467,1101,293,129,40785,180,1042,444,1380,1774,3022,2148,3437,3562,4736,4619,4194,4029,7699,4441,3003,2391,1163,958,880,649,97,4331,1265,7720,69154,469,325,297,1520,369,738,406,650,317,528,360,972,692,2039,2073,4149,2266,7393,2278,600,195,83,85,876,39460,14783,12013,9199,9260,12775,18762,22275,16860,12478,10502,10169,9291,7906,6304,4638,3699,2655,1716,814,192,18,47547,6290,10368,4069,82054,35998,94404,91921,186324,16197,2427,32519,13286,13294,41922,85,9577,6990,14031,35998,56076,23485,4047,4404,3234,48846,10225,35998
"Paterson",10465,9413,3767,1101,259,107,39081,106,526,338,1122,1797,4610,2849,5133,4381,5022,4409,3454,3231,5581,3433,1904,1289,678,579,464,264,38,4136,1662,10941,67957,304,141,146,790,295,655,583,864,674,1481,1131,2112,1230,1787,1174,1353,320,847,177,56,14,14,25,452,51339,10345,10832,9795,9481,9059,9417,9503,9105,9865,9836,10039,9995,9518,9515,7504,5212,3426,2079,890,205,16,39684,7592,12574,4767,60052,30967,76426,79208,155632,2092,1331,9668,10259,28687,40488,194,14668,4119,13148,30967,38666,22190,3624,3379,2108,46692,8015,30967
"Reid",13015,10683,2907,578,105,39,46493,227,1740,527,1030,1280,2404,1824,2858,2994,4141,3861,3489,3375,7261,4443,3336,3867,1835,1915,1976,2001,292,4835,1149,8618,71280,601,120,105,601,168,314,174,333,186,294,162,489,223,530,459,1277,909,7188,5213,3263,1324,582,670,856,45225,10679,8937,7684,8897,15940,20789,19370,14407,12069,11072,10742,9892,8189,6868,5017,3982,3170,2229,1121,273,28,57924,6266,9849,3414,76598,27300,89628,91717,181347,16750,3098,38153,13914,11432,40939,44,8408,6274,15033,27300,59273,26299,4221,2970,2935,48508,9849,27300
"Richmond",9847,8185,2885,755,130,38,47985,131,581,462,1389,2214,5561,3764,5882,4804,5616,4703,3254,3073,4898,2732,1552,1187,583,536,411,376,43,4555,2371,11853,72523,562,91,100,741,222,627,380,772,456,889,724,1503,884,1527,1013,1259,525,2303,956,423,176,87,131,580,55586,7803,8909,8725,8210,6300,6532,7735,8281,9740,10129,10801,12010,11698,11041,8317,6349,4763,3515,1615,400,37,40201,9440,15911,4721,57203,25434,73764,79147,152911,3450,2271,15501,11875,23471,38382,133,10874,4438,17080,25434,31784,26472,3566,2473,1959,49887,11341,25434
"Riverina",8996,7528,3977,1312,307,116,42577,166,490,468,1435,2207,5072,3018,5291,4500,5148,4480,3150,3237,5144,2856,1716,1238,466,526,331,397,45,4215,2225,11618,69443,1046,419,336,1159,741,1566,1312,1804,1177,1672,1029,1368,548,640,325,290,96,270,54,26,16,3,32,622,52899,9699,10780,10222,10017,9518,8812,8787,8507,9054,9588,10106,10397,9751,9370,7175,5800,3977,2701,1208,297,35,40840,8602,10440,4489,60721,30697,77165,78628,155790,2233,1526,11608,8672,24210,40992,195,15160,3937,16556,30697,42062,21174,3925,2481,1500,44365,9584,30697
"Robertson",9754,8972,3220,802,119,62,38162,107,589,386,1046,1750,4456,2887,4308,3832,4394,3913,2930,2977,5375,3323,2182,1805,902,827,644,434,65,4073,1726,11065,65995,390,121,102,699,194,442,304,594,353,645,493,1207,836,1680,1095,1342,592,1965,723,252,103,39,61,407,51360,8067,8665,8371,8381,7495,7373,7635,8090,9368,9623,9935,10054,9119,9019,7524,5497,4127,3004,1404,318,24,36552,8272,12871,4287,56014,25101,69298,73802,143099,3853,2002,15067,11908,22479,36272,115,9857,4531,11918,25101,37349,22236,3298,2318,1850,44134,6808,25101
"Shortland",10129,9312,3321,809,173,58,36595,95,478,336,1031,1771,4745,2699,5057,3855,4600,3966,3017,2940,5252,3440,2169,1566,813,748,591,383,43,3852,1533,6805,61795,317,110,81,738,246,588,378,639,369,656,606,1347,958,1493,854,966,385,1027,309,67,31,9,19,394,49199,8428,9123,8708,8881,8002,7355,8173,7992,9007,9741,9678,9890,9168,9049,7627,5742,4073,2603,1019,214,7,36165,8051,11767,4123,58106,26267,70550,73933,144483,2916,1742,12968,10298,25631,36807,165,13026,4257,10398,26267,36383,22446,3250,2614,1990,45943,5580,26267
"Sydney",8110,4137,754,95,13,12,86140,355,4106,857,2101,2647,3263,2162,2838,3350,4456,4364,4301,4139,9734,4942,4029,6981,2152,2538,2741,3015,237,5869,2944,19969,104086,863,578,467,2707,528,787,494,807,439,612,775,1367,734,1152,867,1546,924,6883,8603,7411,4774,2591,4392,1669,52128,6806,3950,2952,8308,28281,36276,30142,19015,13337,10888,9590,8332,6811,5806,3805,2646,1787,1009,357,84,4,118322,3526,12805,3736,48080,13707,103710,96475,200179,22925,4189,54601,15754,10519,42192,55,4525,4981,26732,13707,77675,29778,4945,3296,3982,43615,23193,13707
"Warringah",9089,10076,3424,563,60,17,38366,119,550,268,593,818,1767,1410,1741,2123,2864,2753,2647,2591,5747,3470,2813,4964,2338,2638,2968,3671,381,4783,1082,8952,64053,438,88,104,280,77,132,114,158,96,153,87,226,141,373,386,816,547,3754,3386,2281,1528,1000,2491,449,44951,9152,10023,8834,7517,6985,9620,11741,11897,12350,11424,10029,8597,6987,6655,5455,3826,2717,2147,1073,296,22,42019,5177,10148,2697,59280,28008,71037,76296,147334,12870,3479,34066,12786,10378,26988,37,4064,4336,10319,28008,51272,22850,3350,1484,1429,31293,7645,28008
"Watson",12641,10874,4761,1885,499,251,33009,207,1142,484,1407,1665,3503,2513,4130,4006,4766,4123,3198,2910,5104,3057,2033,1512,864,730,710,489,73,4550,1280,6368,60802,550,154,164,878,249,556,280,562,253,424,390,1465,1299,2785,1443,1970,734,3527,1851,728,239,85,101,757,39337,12541,12105,10563,10891,13062,14815,14681,12651,11351,11042,10895,9623,8028,6516,5109,4255,3245,2239,942,237,14,46012,6865,10194,4478,72044,35210,87612,87191,174807,8181,1658,22158,11837,13404,48068,59,13457,8001,12772,35210,42642,23933,3987,3463,3149,53960,8457,35210
"Wentworth",8058,7299,2445,408,50,17,48407,140,718,321,666,918,1677,1502,1829,2252,3015,2900,2698,2644,5854,3187,2727,5733,2131,2473,3069,4308,514,5062,1456,13220,71015,620,67,43,285,60,135,84,190,135,207,203,578,382,732,543,937,514,3544,4316,3518,2329,1547,3852,709,45483,8142,7693,6545,5772,7974,14726,16127,13092,11110,10010,8464,7550,6475,6673,5081,3815,2777,2147,1331,392,50,56709,5459,9905,2523,48977,22384,69852,76095,145952,15044,3334,39478,10920,7330,24938,14,3090,3760,15658,22384,54440,21110,3243,1571,1437,28865,12897,22384
"Werriwa",11388,12994,5966,2155,585,260,24012,96,595,369,973,1264,2472,1707,2996,2908,3667,3474,3128,2858,5504,3742,2455,1670,976,758,712,403,91,4022,1218,4864,52936,337,243,198,1045,321,618,352,508,295,406,208,578,441,951,628,1242,598,2787,1094,203,47,15,29,549,39242,12417,13426,13251,13200,12370,11209,12269,12003,12173,11705,11505,10117,7979,6158,4183,3154,1996,1221,469,95,4,44351,5746,9225,4875,67621,39092,84313,86596,170906,4088,993,14956,11302,17863,48926,140,13435,7467,12652,39092,46336,20001,3743,3350,2649,47519,8210,39092
"Whitlam",10441,9909,3779,1047,225,103,35627,117,535,398,1030,1828,4228,2551,4765,3731,4505,3935,3305,3108,5634,3403,2018,1481,809,699,514,354,53,4066,1503,7042,61632,381,142,125,835,314,682,419,712,388,670,481,1052,642,1281,842,1179,467,1568,544,122,39,16,47,437,48238,9154,10026,9879,10105,8478,8041,8596,8631,9693,9922,10227,10137,9143,9200,7565,5813,4026,2428,1000,201,16,37624,7920,11568,4199,61909,29065,73935,78347,152281,3031,1654,11081,10926,26062,39531,145,13432,4958,12399,29065,38335,22582,3480,2454,1915,47553,6902,29065
"Aston",10132,10640,3323,746,122,47,27616,92,556,291,679,934,2399,1771,3035,3063,3805,3570,3023,2911,5719,3817,2315,1666,1020,752,646,398,47,3625,1063,4383,51573,253,66,65,316,130,142,139,226,149,271,303,847,913,1485,944,1023,437,1006,193,67,30,12,45,353,42153,7862,7978,7982,8950,9255,8773,9225,9045,9166,9730,9827,9328,8303,7007,4848,3701,2431,1625,758,203,18,35714,5402,8395,3038,59639,23821,66362,69653,136015,5282,2387,18036,11499,18095,36737,69,8632,3634,7829,23821,42531,22921,3143,2072,2000,35166,4353,23821
"Ballarat",9371,9072,3749,1033,201,78,41040,156,608,424,1390,2000,4866,3127,5112,4615,5114,4535,3595,3112,5527,3147,1774,1297,634,560,438,329,41,3919,1734,11084,69125,483,164,190,910,589,911,806,1581,1467,2410,1405,1586,763,742,252,279,89,209,52,35,10,13,45,473,53683,9644,10302,9581,9820,10089,9146,9040,9192,9966,10413,10472,10168,9627,9077,6650,4618,3276,2157,994,230,33,43986,7354,11634,4390,57597,29523,74904,79579,154479,3977,3321,15065,11005,23012,39062,135,12677,3043,13654,29523,39313,25038,4089,2715,2077,43577,8151,29523
"Batman",10665,9401,2755,570,121,59,45331,146,935,576,1531,1928,3935,2471,4027,3812,4772,4382,3674,3331,6216,3955,2631,2346,1145,1180,1105,799,68,4406,1579,9243,70205,512,215,177,958,337,460,445,790,670,1399,1485,2664,1695,2320,1283,1492,651,2656,1210,512,237,84,213,740,46992,9673,8635,7304,7609,12524,15688,15691,13072,12120,11472,9559,8491,6912,5980,4840,4589,3847,2585,1082,261,28,60479,7411,9484,3503,55473,25611,78428,83537,161968,11602,4899,28930,11410,13143,34525,67,13128,4890,13755,25611,47242,27004,3830,2996,2932,42601,9754,25611
"Bendigo",9386,8306,3511,928,197,84,41102,122,490,484,1297,1961,4668,3094,5036,4609,5245,4653,3507,3084,5259,3019,1697,1304,561,485,410,337,43,3917,1759,10740,67781,455,170,142,826,413,796,770,1376,1162,2109,1313,1839,711,753,277,308,93,213,58,26,16,8,28,443,53470,9137,9684,9217,9244,9150,8423,8494,8570,9513,9988,10191,10423,9984,9345,6796,5049,3451,2384,1077,248,45,41435,7307,11965,4297,57384,28036,73375,77054,150428,3792,3530,15057,10422,22444,36095,153,12400,3409,15086,28036,36890,24910,4015,2302,1913,43523,8837,28036
"Bruce",11885,10756,3172,781,194,104,34222,194,1172,565,1131,1479,3537,2282,4114,3865,4659,3897,3204,2850,5114,3173,1956,1508,863,721,674,512,106,4173,1298,6658,59706,412,109,102,502,214,395,277,628,818,1236,1215,1982,1396,1664,1019,912,451,1596,603,166,87,23,145,605,43142,9078,8821,8590,9642,12022,12087,12088,10442,10309,10149,9416,8915,8183,7754,6483,5367,3847,2449,1101,234,34,40740,7438,8615,3416,70304,26485,79053,77957,157007,8762,2369,22700,12302,13444,40460,108,12195,6451,11731,26485,39699,22208,3246,3402,2893,51859,7221,26485
"Calwell",11283,11852,5253,1890,548,241,26903,184,759,426,1102,1278,3017,2128,3839,3790,4567,3936,3189,2979,5123,3125,1836,1294,675,567,473,324,60,4366,1367,5757,56170,349,96,85,413,180,266,197,383,317,550,894,2558,1547,1591,664,509,131,313,57,52,30,11,87,468,44432,10859,11169,11425,12290,12876,12324,11277,10494,10755,11795,11706,10201,8399,7113,5037,3492,2311,1329,457,87,19,44312,5857,8985,4707,68095,33453,82570,82839,165410,3458,1566,14214,11059,18091,47174,146,17017,6506,12731,33453,40282,22599,3790,3737,2869,50873,7810,33453
"Casey",9702,9900,3807,968,174,79,31182,113,409,304,811,1146,2935,2171,3407,3429,4193,3932,3347,3160,6022,3778,2025,1363,753,606,466,323,56,3916,1379,6333,56389,297,79,71,237,138,205,138,375,263,442,465,987,727,1095,627,655,211,487,92,30,21,4,27,332,48386,9087,9285,9007,9193,8569,8814,9315,8854,9806,10179,9961,9594,8460,7912,5847,3799,2527,1676,691,162,16,37720,5578,10440,3791,57853,27378,70206,72557,142764,2802,2531,12965,11901,24719,37081,110,9896,3391,9982,27378,42239,24397,3919,1730,1647,35786,5671,27378
"Chisholm",11509,10516,2795,484,77,38,40624,233,2374,748,1425,1608,3368,2496,3558,3456,4408,3810,3034,2964,5796,3745,2565,2339,1331,1238,1229,857,112,4323,1324,7825,66170,563,139,123,677,345,572,390,680,503,493,523,1165,1125,1853,1577,1830,940,3149,1344,570,198,75,210,715,46408,8411,8449,8227,11391,18520,14409,12059,10045,10401,10733,9474,8553,7408,6533,5457,5172,4378,3119,1371,270,27,54807,7348,8425,2709,66055,25088,79930,84505,164432,13468,4132,32598,13305,11042,40503,45,9245,4475,10533,25088,42579,26592,3306,2704,4021,53196,6945,25088
"Corangamite",8841,9554,3863,941,143,47,37732,127,525,455,1038,1419,3658,2660,4051,3840,4847,4279,3422,3350,6131,3739,2185,1581,776,753,605,443,48,4235,1504,20150,75820,565,121,96,431,260,488,435,761,444,931,836,1329,730,1189,788,761,323,807,184,59,33,23,63,429,63744,9632,10315,9820,9220,8917,8159,9119,9343,10427,10142,9750,9937,9724,9211,6832,4747,3461,2436,1228,271,45,38550,7077,9758,3540,64047,29773,74913,77829,152745,4726,3459,19105,12969,22295,35470,80,9994,3222,11638,29773,39819,27365,4215,1762,1797,41087,6916,29773
"Corio",10050,8553,3308,849,184,70,40767,123,652,468,1546,2208,5101,3222,5006,4466,5027,4380,3320,3102,5209,2949,1694,1244,683,556,415,337,33,3789,1995,11870,69397,436,178,186,901,471,749,819,1379,1214,2190,1801,2073,1000,1162,614,502,168,447,129,38,18,8,26,586,52290,8924,8786,8533,9250,9731,9776,9513,8755,9617,9802,9976,9783,9281,8785,6617,5143,3675,2553,1114,266,28,43099,8121,11814,4585,56052,26242,72787,77122,149917,3159,2415,13759,10894,22928,37868,148,14090,3719,14685,26242,37094,23413,3775,2850,2004,46483,8051,26242
"Deakin",10442,10386,3253,625,145,40,34856,143,762,409,957,1288,3210,2376,3372,3603,4418,3905,3229,3191,5985,4164,2734,2052,1152,971,820,546,55,3615,1218,6073,60260,347,85,98,401,175,278,205,301,286,508,665,1660,1425,1778,1233,1279,573,1417,353,112,44,10,78,464,46497,9231,9161,8356,8406,8448,9315,10836,10640,10812,10194,9203,8323,7539,7232,6109,4806,3769,2719,1287,321,39,37485,7181,9694,3039,62617,26752,70762,76001,146766,8257,4010,24308,12654,15254,33814,76,8848,4147,8657,26752,42664,24197,3204,2137,2191,40398,5217,26752
"Dunkley",10184,9639,3288,751,144,56,37646,128,621,381,1075,1650,4070,2801,4040,4109,4750,4132,3360,3028,5604,3509,2103,1584,889,710,632,412,53,4066,1750,8360,63819,302,122,93,618,254,383,351,775,663,1352,1366,2186,1314,1372,738,701,302,756,249,123,53,30,96,510,49127,8870,9034,8474,8676,8422,8341,8950,9044,10079,10634,9826,9584,8636,8474,6908,5118,3616,2332,1018,309,38,40344,7229,13015,4338,55084,26378,70671,75711,146376,3318,2702,14654,12675,22881,37786,133,9667,3621,12569,26378,40247,23403,3491,2387,1944,41146,7383,26378
"Flinders",9435,9061,3452,833,139,46,41339,176,689,457,1141,1744,4569,3109,4932,4354,5073,4455,3369,3279,5335,3214,1772,1386,727,654,502,454,58,4288,2228,37511,95472,687,86,62,376,173,332,329,723,638,1348,1084,1555,859,1069,545,536,168,661,195,94,50,16,67,445,83391,8290,9410,9001,8649,7501,7062,7540,7941,9745,10569,10403,10783,10828,11254,9059,6481,4447,2958,1236,320,30,36826,8075,13148,4743,64001,26700,75053,78443,153496,2608,2572,12706,12689,26040,39801,129,11838,3943,14476,26700,37855,25358,4071,1954,1585,47399,8570,26700
"Gellibrand",11765,10218,3105,693,178,95,43341,159,1002,550,1569,1850,3935,2363,3852,3802,4695,4156,3584,3367,6256,4135,2953,2620,1248,1243,1109,905,66,4339,1653,8995,70409,450,159,170,734,292,495,602,1220,888,1472,1647,2691,1529,1942,1122,1366,588,2222,818,301,124,70,158,740,48621,11560,9687,7529,7955,11403,14825,15570,13923,12632,11412,10193,9256,7562,6444,4892,4114,3374,2309,985,250,20,53907,7181,10916,4390,60706,28777,82717,83155,165874,8792,4085,26090,11901,15460,38446,116,13388,5421,13403,28777,49824,24816,4006,3805,2913,42694,9043,28777
"Gippsland",8314,7245,3013,879,178,60,42199,162,632,554,1548,2262,5249,3240,5335,4443,4941,4104,2965,2772,4502,2416,1343,1189,506,500,325,249,42,3985,2070,16271,71612,688,253,313,951,633,1301,1278,1747,1020,1534,754,937,414,463,169,184,38,99,24,15,8,3,38,483,58259,8053,8670,8319,8102,7515,7666,7996,7520,8088,8982,9831,10651,10537,10436,7706,5621,3716,2346,1008,239,34,36235,8093,11691,4552,57415,25036,70688,72345,143030,1805,2027,9782,9331,24567,36402,155,13799,3256,16874,25036,32481,21167,4028,2965,1644,45753,9949,25036
"Goldstein",9354,11447,3711,570,57,16,34066,129,773,407,822,1155,2507,1998,2549,2538,3278,2960,2503,2425,5189,3341,2653,3680,2121,2222,2379,2401,321,4454,1369,8219,62401,452,106,78,454,150,220,152,265,297,489,453,721,525,883,736,926,534,2270,1251,811,618,394,914,423,48274,7881,9794,10088,9195,8092,7166,7855,8558,10967,12373,10990,9943,8395,7760,5857,4260,3318,2963,1683,416,60,37117,7040,9104,2731,63863,27761,70624,77001,147624,11177,4671,31736,12561,9635,31034,32,6261,3532,9222,27761,42904,25234,3050,1732,1998,38737,6205,27761
"Gorton",13587,15215,5660,1690,424,296,32372,181,761,374,1095,1215,2902,2274,4015,4074,5394,5102,4216,3978,7323,4460,2558,1581,776,566,519,290,47,4589,1478,6665,66420,342,72,73,204,123,311,229,472,653,1482,1389,2281,1283,1637,659,624,177,421,78,23,35,13,59,492,53274,16179,16133,13802,12730,12840,14084,16356,16376,15425,13178,11152,9907,9020,7396,4448,2693,1635,884,342,89,13,50094,5199,11318,5614,76355,46113,96216,98482,194692,4101,1867,17820,13026,23648,51890,150,14915,6156,15009,46113,53647,25947,4765,4451,3235,47858,8674,46113
"Higgins",8461,8315,2762,450,41,13,50224,170,1642,536,1119,1374,2542,1951,2608,3024,3980,3871,3565,3241,6749,3666,2839,4401,1904,2180,2432,2751,334,4830,1446,12138,75301,590,127,142,750,280,371,296,465,599,1116,1087,1901,1392,2434,1851,2224,1016,4430,2432,1215,688,393,909,787,47798,7317,7536,6999,7495,13562,17420,15391,11271,10077,10013,9008,8168,7150,6632,5098,4208,3002,2153,1101,287,40,58858,5584,8822,2623,56205,21855,73751,80190,153939,15260,5072,41120,12081,8326,29906,33,5383,3475,11429,21855,53630,24750,3301,2352,2411,36868,8777,21855
"Holt",14659,14857,5424,1738,576,357,33699,155,678,356,931,1176,2884,2249,4112,4398,5647,5570,4746,4235,7868,4359,2249,1337,716,451,417,216,43,4874,1420,6536,67605,258,82,63,400,185,299,172,341,324,804,1063,2457,1723,2293,1224,1098,226,391,67,36,36,16,89,523,53440,16895,15570,13338,13279,14217,15095,17560,15847,14110,12885,11995,10906,8761,7013,4694,3300,2292,1366,568,152,21,50025,6204,11070,5058,81708,45804,99930,99935,199865,5162,1851,17136,15359,26043,52646,197,14535,6933,14202,45804,57041,27101,4665,4300,3395,49032,8530,45804
"Hotham",11551,11128,3185,651,140,54,33081,133,942,456,1083,1421,3423,2204,3608,3447,4246,3761,3075,2951,5529,3626,2373,1914,1024,911,782,494,43,3895,1299,6098,58730,427,75,82,406,178,274,203,346,403,532,710,1420,1075,1566,984,1175,499,1909,715,313,112,34,122,564,44610,9349,9295,8316,8656,10493,10646,11276,10693,10752,10729,9523,8889,7741,7007,5476,4542,3750,2698,1178,248,27,40583,7330,9457,3269,63676,26957,74462,76819,151284,7051,2752,21771,11704,14026,38415,83,12593,5992,9934,26957,42433,23506,3220,2703,2465,43789,6211,26957
"Indi",8093,7286,3079,799,159,66,41580,151,478,454,1304,2032,4718,3020,4989,4445,5029,4378,3178,2928,4853,2796,1415,1013,427,394,284,279,78,3868,2211,14585,69302,719,214,183,954,560,1098,1055,1662,1132,1520,961,1021,472,579,262,219,56,134,43,28,17,16,235,550,55605,7756,8799,8626,8346,6848,6802,7222,7467,8649,9341,10001,10669,10294,9804,7297,5061,3447,2372,1068,275,36,34721,7551,11420,4172,57135,25184,68998,71183,140185,2286,2534,11181,10814,23463,34711,135,12108,3279,14482,25184,36551,22179,4094,1914,1365,40215,8681,25184
"Isaacs",11429,11378,3698,814,206,94,35652,126,680,361,995,1452,3277,2361,3635,3634,4630,4221,3569,3371,6410,4163,2557,2016,1014,940,819,463,76,4059,1398,7055,63284,333,87,89,370,170,318,294,473,480,936,931,1844,1373,1667,1019,975,426,1379,537,194,99,39,134,478,48627,10647,10332,9386,9345,9818,10415,11687,11772,12127,11745,10564,9361,8282,7230,5459,4043,2982,2199,981,248,28,42160,6910,11562,4151,63499,30368,77789,80859,158653,5322,2742,18775,12984,19361,41013,106,10985,5431,11571,30368,48035,23876,3831,2676,2304,40360,7210,30368
"Jagajaga",9829,10550,3448,646,98,57,31266,94,588,333,860,1176,2532,1832,2873,2794,3629,3281,2979,2875,5884,4009,2798,2433,1396,1381,1240,876,117,3916,1125,6066,57102,326,109,118,555,189,232,178,307,266,418,549,1217,1034,1415,829,922,415,1393,381,139,61,24,104,407,45502,8799,9038,8299,8367,8522,8484,8952,9582,10301,10223,9569,9457,8389,7485,5571,3990,2907,2094,1036,218,22,38013,5885,8692,3053,59521,26136,68659,72643,141300,8783,4638,24296,11493,14956,31093,50,7906,3324,8627,26136,41648,24737,3298,1879,1991,36136,5479,26136
"Kooyong",8749,10013,3648,645,90,19,35749,139,1293,483,933,971,1859,1826,2053,2427,3181,3028,2597,2565,5245,3319,2379,3368,1923,2139,2451,2703,430,4559,1188,8047,61116,542,53,60,190,88,159,199,399,281,435,445,934,849,1704,1273,1464,711,2753,1386,807,497,328,696,487,44364,6496,8335,9374,10386,11954,11153,9193,8451,9292,10480,10099,8800,7563,6933,5327,3958,3221,2520,1430,377,44,46179,5884,6862,2174,60081,24214,69427,75970,145397,14981,5156,36526,10596,6721,29654,30,5569,3233,8716,24214,43272,25033,3061,1857,2427,39359,6176,24214
"La Trobe",10471,12433,4646,1100,237,104,28600,98,495,255,655,853,2339,1721,2864,3037,4024,3894,3396,3615,6893,4489,2670,1943,1094,903,701,481,79,4016,1028,5519,57081,268,48,51,162,81,129,99,223,154,281,379,1064,1011,1306,824,908,317,659,164,41,25,5,45,288,48549,10448,11520,11296,11571,9821,8618,9753,10852,12476,12548,11254,9849,8171,6790,4620,3242,2048,1345,564,158,17,39778,4636,9645,3588,66057,33255,77807,79159,156961,4800,2940,17283,13926,23178,39513,62,8993,3793,9207,33255,48363,26638,3806,2261,2263,34784,5593,33255
"Lalor",18081,17362,5669,1776,517,378,40652,160,949,429,1118,1242,2868,2535,4098,4908,6239,6177,5347,4957,9602,5684,3439,2415,1177,987,765,452,53,5319,1498,8651,81067,374,74,55,258,144,272,196,528,640,1767,2480,4231,2713,2808,1184,1022,315,778,193,73,45,18,120,622,60158,22416,19338,14800,13504,14492,18804,24907,21593,17121,14685,12632,10784,8840,7076,4485,3007,1890,1062,429,93,13,56186,5527,11537,5806,96383,56553,116321,115660,231980,12246,3047,26978,17505,25526,54529,161,13755,6074,15603,56553,68716,30908,5415,5466,4042,51146,9733,56553
"Mallee",7850,6661,3250,968,218,83,41385,240,538,534,1452,2257,5416,3109,5351,4600,4937,4262,2885,2773,4177,2135,1108,751,311,337,159,239,54,3732,2486,12154,66001,1009,440,443,1213,881,1676,1551,1632,948,1130,599,723,280,319,108,102,20,77,32,28,16,18,37,645,52074,7956,8594,8336,8499,7284,7778,7368,6979,7849,8958,9561,10156,9512,8953,6797,5531,4008,2804,1289,311,59,34974,8621,9764,4014,56342,24885,68647,69951,138597,1221,1602,8672,8160,20170,37748,158,16362,3311,16302,24885,34971,19921,3822,2252,1386,41565,9787,24885
"Maribyrnong",11932,10873,3763,868,173,104,39438,175,991,550,1360,1728,3789,2343,4188,3871,4724,4206,3479,3085,5764,3673,2338,2191,1090,1043,1055,824,130,4395,1665,8143,66806,534,132,98,638,224,393,346,615,696,1225,1316,2745,1652,1842,1036,1216,515,1525,551,216,98,43,173,668,48298,9757,9159,8828,9579,12892,13952,13678,11358,11237,11342,10246,9691,8646,7591,5853,4914,3855,2504,1105,223,11,49838,7753,10376,4539,66179,27746,81885,84534,166420,6839,2975,23464,11846,15386,42637,92,15269,6203,13969,27746,46146,24875,4008,3552,2907,48120,9058,27746
"McEwen",14347,16048,6312,1620,299,137,38449,146,638,385,929,1223,3046,2389,4015,4316,5731,5660,4901,4816,8942,5572,3157,2167,1151,842,750,437,66,5192,1595,8720,76799,441,89,76,267,142,275,241,480,472,822,994,2551,1949,2419,1018,748,186,481,114,45,34,14,84,451,62396,17849,16653,14616,13650,12640,14625,16914,16098,15534,14819,13183,11591,9909,8635,5757,3565,2338,1438,562,136,22,52123,5890,12239,5774,85386,49117,104184,106347,210529,5110,3168,18697,16569,31852,52514,138,13381,5131,14855,49117,62545,31601,5561,3500,2764,46011,9446,49117
"McMillan",10213,9684,4209,1262,264,173,43079,167,645,510,1500,2080,5143,3292,5529,4926,5673,4896,3721,3592,5566,3208,1637,1151,631,486,344,238,53,4338,2096,15460,76878,661,227,281,750,461,827,699,1221,977,1758,1268,1932,1120,1060,403,275,68,168,50,28,18,8,40,524,62052,11599,11641,10503,9995,9079,9829,10662,9713,10097,10857,10669,10843,10374,10254,7924,5597,3830,2490,1068,269,37,41636,8090,12758,4900,66201,33744,81401,85930,167327,2519,2363,11743,11691,28794,42095,158,14849,3755,15613,33744,41704,25371,4495,2820,2046,47746,9401,33744
"Melbourne",9062,5772,1475,384,120,79,85742,476,7287,1488,3066,2787,3796,3066,3722,4366,5521,5214,4791,4273,8952,4807,3690,5001,1852,1993,2123,2064,185,6091,3046,19671,109348,1070,479,507,2208,870,1182,798,1208,1076,1649,1575,2796,1923,3293,3087,4008,1958,10637,6607,2949,1450,735,1127,1728,54410,8568,5969,4756,12769,34390,36736,27611,16538,11492,10053,8608,7859,6684,5675,3841,2739,2067,1381,652,175,26,119096,4503,11674,3838,50184,19288,101131,107464,208588,22272,6168,56383,13950,10020,46217,79,6299,5070,22843,19288,69629,31648,4923,4201,6210,53754,18931,19288
"Melbourne Ports",8188,5713,1699,397,86,114,64390,200,1756,606,1398,1697,2655,2092,2823,3452,4635,4546,4263,4086,8425,4280,3098,5264,1788,1991,2140,2524,204,4926,1915,17683,88440,767,176,175,965,279,482,480,682,669,1264,1148,2031,1590,2585,2186,3010,1454,6904,4089,2091,1085,619,1208,1020,51469,7798,6263,5176,5868,12938,20938,20724,14549,11628,10498,9043,8540,7270,6762,4429,3133,2170,1696,957,286,34,71540,4759,11898,3213,50055,19236,78429,82270,160704,16071,5315,41746,12945,10152,29873,41,4616,3702,17005,19236,61631,23702,3707,2825,2260,33217,14124,19236
"Menzies",9901,10600,3537,577,96,24,27882,152,932,453,742,906,2261,1675,2818,2706,3329,3037,2567,2581,4752,3373,2419,2266,1468,1291,1244,933,183,4072,1067,5557,52785,402,32,16,115,49,106,74,96,83,134,146,368,394,797,693,920,525,1874,761,243,101,31,113,363,44346,6724,7916,8169,9222,8722,7654,7368,7834,8803,10183,10035,9363,8035,7464,6527,5557,3935,2519,1122,312,61,32945,6740,6570,2344,66120,22810,66759,70775,137534,8013,3226,24564,11457,12388,33748,43,9066,4112,8111,22810,38183,23270,2898,1861,2104,41729,4681,22810
"Murray",8383,7322,3387,1145,245,127,40578,223,593,469,1394,2038,5048,3029,5277,4429,4991,4294,3049,2901,4538,2475,1252,805,371,349,234,284,54,3905,2353,11849,66203,876,231,280,1063,711,1302,1195,1950,1069,1436,818,854,406,439,164,153,37,106,34,17,9,9,36,552,52472,8569,9209,9043,9133,7200,7588,7629,7490,8620,9408,9995,10264,10008,9547,7513,5824,4149,2653,1216,264,44,35396,8295,10910,4614,59339,26825,72140,73229,145367,1591,1928,9169,8961,21842,38320,182,16316,3511,16729,26825,36141,20584,4179,2157,1448,44121,9922,26825
"Scullin",12635,12775,4466,1132,250,120,30694,129,862,406,913,1169,3165,2014,4181,3768,4669,4436,3626,3411,6147,3882,2335,1494,861,630,578,308,48,4337,1297,5724,60382,346,71,36,176,106,179,164,223,236,567,986,2676,1712,1892,662,565,151,509,133,62,40,15,82,418,48381,11773,10787,10024,10409,12079,12760,13710,11886,11305,11166,10915,10062,8584,7586,5383,4077,3012,1639,632,133,23,43185,6439,8780,4079,72895,32590,83287,84683,167967,5433,2264,17858,12535,19507,44920,102,15739,5799,11215,32590,46165,25419,4138,3246,2617,47298,6486,32590
"Wannon",7616,6524,3010,953,176,71,39070,201,510,508,1470,2095,5055,3105,4989,4354,4794,3930,2848,2643,4114,2315,1172,889,355,349,239,267,54,3555,2121,12814,64742,1066,326,245,1096,611,1208,971,1574,940,1241,631,761,275,352,137,176,41,123,31,20,11,10,42,552,52299,7122,8051,8147,8065,6742,6461,6456,6813,7930,9039,9685,10019,9897,9320,7104,5257,3732,2535,1105,266,38,34415,8139,10069,3841,53986,23320,66532,67239,133777,1618,1888,9705,8514,20564,35340,128,14475,2776,15432,23320,32845,21053,3966,1941,1230,41080,8328,23320
"Wills",10851,9661,2913,792,179,86,47556,143,1002,536,1506,1883,4052,2424,3950,3774,4937,4553,3935,3706,7105,4577,3119,2557,1179,1174,1051,683,60,4856,1553,9484,73807,548,153,134,697,281,387,351,607,655,1135,1249,2391,1941,2997,1646,1814,839,3237,1369,579,216,109,218,699,49555,10637,9111,7584,7516,13325,18450,18072,14727,12061,10795,9400,8071,6533,5617,4479,4695,4126,2923,1222,238,36,62263,7889,9295,3511,59349,27329,82919,86726,169648,12170,4963,30884,11907,14367,36315,72,13489,5162,12972,27329,52374,27485,4152,3268,2856,43374,8793,27329
"Blair",10473,9211,3852,1425,444,236,36174,118,431,330,902,1421,3641,2618,4360,4215,5107,4603,3661,3367,5727,3275,1847,1076,545,390,342,167,27,3963,1231,8116,61486,390,118,167,480,264,498,449,976,1133,2919,2426,2816,2343,2251,748,600,229,350,80,17,11,5,31,502,41680,12097,12176,10871,10434,10660,11041,11395,9789,10063,10079,9798,9250,8065,7036,5183,3756,2394,1466,595,156,21,44935,5821,11511,5597,53307,35143,77322,78994,156321,1917,1451,9500,9928,25565,43911,150,11805,3586,13368,35143,41977,19969,3647,4029,2243,40858,8452,35143
"Bonner",10502,10475,3478,834,154,66,33934,105,597,291,783,1129,2945,1966,3121,2940,3822,3407,2835,3032,5914,4312,3094,2485,1428,1278,1257,742,139,4000,1075,5857,58558,298,120,173,579,228,359,287,430,252,410,257,612,491,1046,1231,2278,1189,2616,964,400,108,50,68,391,43706,9356,10032,9501,9857,9962,9152,10395,10412,11358,10966,10110,8879,7637,6789,5177,3949,2926,2007,898,231,24,40431,6108,10217,3455,60525,28889,72730,76899,149634,6716,2940,22280,11806,18070,38841,44,7275,3503,9261,28889,46746,23414,3464,2699,2215,36249,5957,28889
"Bowman",10055,9922,3423,897,171,82,34648,97,465,321,853,1251,3395,2256,3905,3334,4107,3672,3049,3125,5995,4057,2559,1937,1067,938,788,496,93,3960,1206,6893,59815,260,123,147,502,188,351,340,436,385,448,220,572,584,1077,1094,1299,725,2863,599,184,74,47,71,405,46834,8105,9688,9818,9730,8194,7394,8368,8456,10002,10469,10724,10427,9442,8797,6560,4515,3040,2101,918,223,37,35223,6606,11444,4221,61909,27610,71987,75024,147011,3111,2022,13382,12332,25388,42076,94,7977,3681,9339,27610,43931,22884,3344,2640,1930,39016,5666,27610
"Brisbane",8191,7202,2422,477,69,11,56768,176,1248,447,1118,1446,2721,2255,2709,3312,4452,4290,3908,3633,7550,4093,3135,4379,1927,2112,2188,2106,261,4921,1484,14093,79965,497,181,218,754,309,571,622,685,725,1181,1027,2108,1646,2557,2091,2872,1515,6559,3279,1451,725,406,609,739,46645,7907,7450,6857,8566,18120,20924,17783,13011,11663,11220,9614,8245,6747,5467,3729,2557,1746,1392,702,161,17,71717,4020,11073,3416,51450,22219,81841,82052,163890,13103,4987,39333,12381,13394,36488,39,3997,3240,14710,22219,60963,27358,3884,3114,2906,31169,12281,22219
"Capricornia",9026,8429,3543,1065,229,97,39374,128,554,424,1110,1498,3757,2313,4032,3439,4081,3717,3065,3032,5832,3434,2092,1870,908,847,582,435,65,5067,1902,14252,68435,967,1746,495,778,351,820,591,1562,844,1925,1147,2052,717,1201,476,697,167,455,92,44,23,9,33,725,50533,10258,10812,10125,9800,9119,9882,10471,9631,9931,10290,10534,10081,8524,7113,5174,3773,2710,1628,681,165,24,40579,6027,10604,4481,57830,31192,76922,73795,150717,1875,1542,10073,7095,25546,42426,110,11099,2832,16931,31192,43267,19429,4047,3774,1889,35574,11544,31192
"Dawson",9554,8740,3528,926,212,89,42859,164,625,445,1258,1718,3830,2626,4333,3943,4707,4229,3266,3214,5938,3640,2319,1661,819,787,614,421,72,5564,2055,12233,70466,683,272,250,703,411,1033,846,1695,1036,2174,1335,2405,826,1620,704,932,262,761,215,65,34,10,49,636,51495,9724,10575,10161,9583,9816,10557,10623,9928,10723,11187,11287,10683,9119,7639,5564,3976,2654,1683,656,158,19,43673,6215,11368,4761,59837,30463,79328,76988,156313,2050,1526,11412,8706,27505,43947,111,10819,3134,16642,30463,47141,21218,4131,4148,2063,36164,10987,30463
"Dickson",9948,10989,3887,1023,213,85,29445,70,330,229,560,808,2229,1680,2888,3036,3854,3652,3290,3123,6378,4345,2811,2007,1182,1015,830,491,82,3822,813,4575,54098,216,67,64,259,106,210,178,310,327,720,608,972,1160,1706,929,1190,596,1094,316,114,46,19,10,289,42594,9868,11268,10593,9881,8857,8316,9410,10086,11360,11258,10003,9080,7685,7232,4928,2911,1685,1136,492,148,15,36076,4240,9446,3623,61097,31729,72209,74005,146216,3687,2575,15784,12250,22769,39792,66,6403,3256,7900,31729,45987,23240,3567,2689,2030,31879,5093,31729
"Fadden",11603,10811,3493,937,186,80,42809,127,758,365,896,1330,3633,2744,4614,4296,5318,4831,3799,3710,6672,3971,2395,1916,916,876,735,532,68,4422,1487,9179,69581,344,110,119,364,180,289,235,331,249,516,730,1731,1522,2433,2161,2809,1809,3943,1207,534,282,124,181,535,46855,10792,11165,10369,10761,11279,10815,11040,11016,11950,12035,11271,10302,9169,9243,7336,4928,3076,1921,880,236,19,46023,6519,14415,5265,65050,32325,82273,87325,169599,4038,1767,15121,13789,26423,48018,86,8193,4745,15093,32325,47583,26307,3609,3562,2729,43232,10244,32325
"Fairfax",9806,9242,3223,778,163,49,42467,135,546,370,1106,1477,3957,2978,4900,4475,5352,4854,3549,3352,5754,3374,2011,1522,712,667,589,383,62,4481,1496,8927,67035,373,96,173,451,183,334,313,537,460,760,752,1453,1000,1555,1126,1652,915,2911,873,264,107,39,68,435,50196,8460,10115,9895,8927,7924,7847,8772,9099,10609,11037,10873,10487,9876,9557,7322,5233,3676,2345,1090,285,33,37341,6977,13674,4309,62687,28470,73822,79639,153467,3629,2573,16228,13070,25467,40397,79,7580,3960,12005,28470,38908,26405,3359,2863,2350,43331,7780,28470
"Fisher",8648,8285,2848,721,162,53,39385,127,523,349,912,1457,4013,2833,4784,4134,4853,4235,3121,2888,5072,3086,1740,1369,625,636,475,378,46,4104,1429,9893,63079,421,80,161,447,170,261,253,358,242,571,601,1505,1123,1393,1138,1791,1040,2745,675,256,85,52,54,405,47253,7178,8736,8857,8709,7355,6995,7553,7897,9390,9648,9398,9373,8821,9262,7651,5488,3905,2542,1087,285,36,34118,6997,12304,4194,57783,24763,67748,72422,140168,2877,2011,13293,11328,23601,38983,85,8168,3726,11342,24763,34190,23087,3316,2582,2165,43047,7015,24763
"Flynn",9007,8580,3794,1218,279,117,42803,224,676,555,1323,1641,4035,2370,4523,3690,4367,3920,2990,3084,6043,3392,2093,2119,994,890,693,468,72,4947,2141,16711,73959,1492,1028,514,1042,581,1338,1093,2008,981,2179,1175,1961,554,933,269,363,66,304,99,40,23,6,40,867,55004,11282,12048,10967,9223,8659,9787,10805,9871,10652,11089,11417,10592,8815,7515,5435,3638,1999,1154,411,114,13,38883,5053,10679,4671,61901,34296,79916,75567,155484,1368,1250,9080,7427,26654,44055,138,11880,3122,16214,34296,44256,19158,4198,4600,1799,35869,11303,34296
"Forde",11518,10962,4278,1367,380,208,34545,107,483,243,763,1152,3063,2447,3995,3653,4736,4421,3746,3603,6504,3913,2325,1425,752,576,528,291,51,4159,1160,6503,60586,251,101,155,408,210,365,296,414,411,843,871,1754,1731,2171,1950,2690,1206,1769,370,121,36,24,33,489,41920,12646,13042,11493,11354,11144,11467,11864,11386,11628,11056,9918,9368,8116,7759,5362,3596,2207,1384,588,141,17,45831,5651,11865,5169,59846,37182,81160,84382,165537,2242,1489,10982,11348,27666,48162,120,9723,4294,12336,37182,47932,22754,3814,4073,2425,39346,8014,37182
"Griffith",9129,8388,2734,521,98,22,48081,118,815,375,1074,1419,2765,1943,2662,3014,4043,3829,3591,3351,7014,4554,3313,3767,1785,1849,1816,1652,189,4579,1189,10614,71320,391,251,357,1092,370,530,448,653,444,871,777,1596,1307,2263,1774,2521,1522,5810,2369,996,534,239,440,685,43067,8817,8365,8013,8447,14773,17393,16298,12983,12105,10928,9249,8067,6420,5106,3506,2627,1992,1560,763,177,18,61403,4435,10755,3469,52346,25197,77648,79950,157606,11622,4613,34255,12229,14880,34971,48,4865,3203,11722,25197,57193,26280,3655,2855,2645,30689,9082,25197
"Groom",8966,7825,3640,1178,291,196,38868,133,426,364,935,1437,3960,2782,4642,4194,4897,4268,3408,3174,5653,3350,1965,1399,636,605,434,368,60,3823,1359,8652,62933,440,145,199,553,318,571,748,1412,1151,2123,1946,2384,1351,1394,719,637,272,487,91,30,13,7,15,471,45468,9702,10596,10181,10071,9698,9490,9319,8555,9251,9678,9174,9352,8290,7793,6166,4596,3444,2235,1004,244,25,38005,7057,10230,3975,59118,30474,72145,76717,148864,3655,2040,14096,9511,22292,39834,109,10902,3242,12695,30474,41798,21294,3434,2917,1930,38573,8448,30474
"Herbert",10211,8986,3615,1080,271,190,41869,106,638,382,1166,1574,3490,2638,4012,4074,4838,4618,3781,3428,6258,3928,2241,1604,678,624,446,330,40,5181,1502,11062,68635,357,254,332,864,437,819,730,1527,1577,2851,1915,3247,1798,2521,1137,1038,267,797,228,82,40,25,64,598,45116,11334,11187,10334,11405,13877,12565,11941,10345,10703,10606,9872,9350,7732,6799,4588,3287,2097,1348,503,133,12,53018,5188,11942,4852,52146,32852,79641,80367,159999,3269,1901,14311,9911,26255,45684,123,8830,3050,13814,32852,47136,21914,4090,4789,2769,36424,10029,32852
"Hinkler",8577,6710,2739,882,240,94,45245,149,581,482,1424,2091,6024,3664,7433,5189,5616,4413,2838,2533,3932,1976,1104,771,346,307,211,227,29,3639,2332,10573,67891,443,154,223,553,338,685,750,1444,1202,2445,2178,2450,1176,1271,451,331,91,280,60,42,19,3,45,545,50704,7207,8692,8612,8124,6612,6653,6750,6888,7992,8548,9234,9933,10364,11407,9525,6914,4427,2528,1039,238,28,32636,8587,12848,5066,58070,24507,68723,72994,141717,1561,1403,8949,8183,23630,41569,166,13793,3513,14443,24507,27865,18164,2804,4040,2080,53524,8732,24507
"Kennedy",8999,7635,3423,1240,335,229,47510,223,667,591,1509,2070,4889,2741,5496,4577,5306,4481,3175,3065,5231,2937,1805,1308,553,635,413,317,72,4772,2921,13977,73726,1597,725,478,1097,749,1570,1166,1838,963,1755,1001,1547,542,932,337,490,96,466,124,56,26,16,55,847,55255,9867,11007,10876,9462,8469,9141,9160,8592,9846,10479,10911,11031,9977,9096,6845,4847,3091,1818,704,148,28,44175,6834,11329,4253,57049,31751,79302,76091,155394,1534,1250,9026,7686,24773,43546,133,13379,3363,18967,31751,41403,19179,4204,3893,1601,41530,11831,31751
"Leichhardt",11154,9374,3409,1253,386,224,50671,150,779,472,1558,1953,4051,3198,4686,4799,5543,5041,3979,3646,6681,3713,2211,1750,704,748,603,460,74,5390,2456,13659,78303,818,1269,610,1545,746,1416,1122,1752,1376,2027,1415,2660,1403,2051,1198,1379,628,1548,492,246,124,61,258,990,51177,11856,12871,11859,10790,10520,12061,12296,12170,12938,12830,12501,11531,9932,8198,5565,3417,2119,1299,553,139,14,58694,5694,14145,5067,55260,36581,87018,88428,175451,3650,2323,16005,12433,26612,44502,184,8808,4431,19912,36581,48854,24785,4406,4491,2525,39552,14250,36581
"Lilley",10961,9513,3065,686,145,69,42112,106,517,338,903,1549,3561,2427,3487,3657,4714,4253,3740,3494,6877,4668,3141,2487,1327,1151,1077,671,77,4100,1301,7054,66663,311,184,289,865,345,546,439,622,538,821,708,1554,1404,2500,2204,2547,1155,2634,670,196,75,37,33,639,45337,9659,9330,8569,8528,10768,12137,12923,11318,11525,10791,9730,8895,7738,6645,5225,4278,3355,2472,1169,280,44,47423,6842,11822,3947,57784,27559,75535,79839,155380,6222,3222,23424,12735,19911,40043,75,7749,3695,10739,27559,51186,23958,3845,2904,2141,36818,6972,27559
"Longman",10497,9555,3890,1249,353,168,38587,117,503,377,921,1467,4010,2997,5167,4372,5215,4642,3514,3386,5627,3185,1950,1168,636,462,366,202,51,3940,1520,7557,63349,295,114,120,469,211,365,342,662,702,1573,1640,2512,2150,3163,1005,1066,293,758,209,75,19,11,28,464,45116,10411,11673,10853,10551,10038,9739,9748,9453,10452,10712,10230,9800,9554,9506,7403,4806,2870,1842,757,182,15,41405,6555,12802,5606,61296,32937,79019,81580,160600,1544,1435,8901,10882,28353,47134,139,11215,3869,14193,32937,40140,22050,3697,3967,2468,46810,8530,32937
"Maranoa",8375,7054,3416,1173,292,121,45505,302,639,545,1399,2000,5481,3036,5844,4686,5328,4589,3044,3052,4808,2556,1388,1088,378,411,268,334,60,4359,2352,14901,72836,2028,650,411,1003,724,1550,1206,2280,1409,2134,993,1290,383,438,105,154,35,100,43,24,13,13,51,896,54914,9554,10597,9859,8656,7697,8140,8204,8030,9071,9745,10262,10532,9957,9725,7411,5320,3378,2068,821,214,28,36015,7519,10873,4543,60300,30010,75109,74156,149264,1268,1189,9177,8194,21570,43161,122,14692,3236,16646,30010,40956,19064,3934,2569,1253,41086,10395,30010
"McPherson",10648,9677,3067,633,132,51,40090,114,731,401,916,1339,3614,2577,4243,4032,4859,4359,3483,3398,5893,3728,2239,1720,808,746,652,442,67,4336,1505,8948,65141,388,78,100,398,131,288,179,323,264,565,513,1046,808,1721,1480,1839,1258,4034,1492,567,223,102,108,417,46826,8726,9542,9192,9364,9085,9199,9832,10009,10873,10627,9768,9673,8721,8491,6328,4769,3388,2461,1211,283,26,42017,6976,13593,4374,57157,27462,72750,78826,151575,4211,2092,16592,13037,23215,41192,78,6931,4064,12711,27462,41831,26336,3501,2547,2225,39043,8630,27462
"Moncrieff",10627,7652,2255,540,106,23,53256,189,1085,486,1380,1896,4457,3374,5008,4856,5898,5005,3796,3533,5995,3382,2035,1827,748,774,703,692,113,4437,2241,16261,80186,506,154,179,526,219,461,387,542,527,1068,1425,2571,1762,2845,2051,2445,1073,3688,1599,726,320,181,281,674,53973,7652,7670,7519,8782,12720,13529,12179,10534,10463,10694,10308,9941,9129,9256,7397,5406,3591,2451,1208,283,31,53708,7553,16063,5159,55414,22842,78600,82137,160732,4907,2008,19255,14018,22506,45551,84,7255,4522,17791,22842,44332,27553,3522,3432,2696,43287,13073,22842
"Moreton",10623,9587,3156,739,189,157,38183,128,934,436,957,1160,2714,2055,3010,3211,4248,3902,3320,3081,5883,3913,2717,2262,1129,1066,1085,801,127,4213,981,6300,59647,399,127,170,610,323,440,348,490,292,533,496,1139,941,1732,1746,2341,1042,2924,824,339,179,71,88,546,41496,10020,9514,8349,9648,14948,14913,13824,11693,10567,9885,9068,8338,7247,6402,4685,3453,2479,1871,914,238,24,50917,5662,8996,3205,61400,27883,78364,79704,158070,11499,3352,28704,11478,14257,39456,88,6937,4270,10141,27883,44704,26129,3500,3593,3277,41931,7052,27883
"Oxley",11623,11005,4077,1383,460,328,31182,104,561,289,823,1056,2599,1977,3200,3397,4276,4193,3497,3148,6228,3955,2523,1734,912,743,639,401,65,4025,989,5938,57263,245,128,152,489,311,449,382,515,387,995,1154,1847,1788,3078,1535,1677,687,1331,358,131,36,21,31,519,39006,12899,12749,11347,11511,11515,11795,12923,12036,11970,11487,10204,8898,7215,5994,4217,2850,1826,1113,525,128,15,45028,4881,10671,4727,60905,36999,81365,81841,163207,5155,2067,16749,11335,19654,43709,121,8204,4747,14464,36999,46256,21827,3630,4201,2778,39421,8093,36999
"Petrie",11724,10212,3664,1046,262,117,40540,130,506,341,954,1597,4157,2982,4575,4239,5100,4646,3948,3648,6594,4008,2515,1688,825,710,603,342,50,4132,1509,7355,67140,249,134,209,671,299,485,428,647,601,1190,1182,2077,1799,2958,2195,2289,1109,1909,478,165,58,12,38,523,45439,11247,11371,10345,9749,9617,9996,11383,11154,11622,11040,10274,9238,8602,8621,6602,4896,3604,2471,1127,280,22,42218,7777,13521,5310,61473,32964,78560,84707,163268,3667,2108,15206,12699,25096,45036,108,9771,3948,12669,32964,46033,22773,3889,3756,2503,43409,7934,32964
"Rankin",12756,11671,4552,1742,546,427,35092,126,696,344,934,1192,3030,2283,3988,4185,5118,4995,3961,3629,6687,4076,2253,1531,680,538,464,237,42,4324,1128,6640,63103,299,163,210,484,311,485,362,483,396,1305,1059,2555,2214,2517,2013,1996,816,1560,307,85,18,13,28,529,42890,14609,14263,12628,12541,12835,13810,14650,13235,12061,11302,10438,9807,8526,7359,4744,2878,1748,1073,535,107,15,50213,5348,11502,5393,65207,41498,88622,90547,179171,5080,1668,16056,11747,23567,51056,162,10303,5330,12702,41498,49501,23799,4087,5067,3080,43913,8224,41498
"Ryan",8954,10393,3658,705,128,41,36242,105,1078,373,825,859,1926,1786,2219,2649,3518,3315,3067,2902,5864,4053,3125,3208,1878,1852,1905,1578,240,4653,797,6226,60009,392,65,82,242,162,326,252,372,296,481,313,841,726,1385,1312,1694,871,3564,1586,654,356,161,238,343,43278,8323,10052,9777,12306,16667,10872,9820,10061,11113,10703,9391,8211,7408,6820,5119,3532,2315,1715,897,233,30,50722,4814,8071,2669,60930,28141,75922,79421,155348,14121,4559,33157,11623,12192,36635,29,3680,2883,8320,28141,46454,26695,3456,2606,3353,38509,6124,28141
"Wide Bay",8778,7021,2879,882,203,120,44799,171,615,481,1462,2055,5643,3378,6279,4925,5454,4484,3063,2731,4058,2222,1246,955,418,385,309,304,45,4056,2180,12761,69693,641,171,250,612,335,739,707,1282,1151,1867,965,1298,659,691,424,568,277,976,386,187,83,42,123,523,54746,7052,8678,9291,8152,6048,5785,6370,7200,8792,9879,10636,11377,11372,11671,8910,5829,3664,2181,958,227,37,34023,7354,14090,4846,58774,25020,71336,72763,144096,2041,1654,10144,10033,23761,40774,129,11636,3746,15162,25020,29207,20769,3087,3424,1899,51430,9265,25020
"Wright",9792,9661,4043,1310,302,178,34388,126,456,317,714,991,2982,2015,3755,3361,4123,3944,3239,3191,5754,3720,2278,1487,787,662,516,377,61,4340,1431,7106,57711,544,83,69,208,123,269,237,561,390,910,842,1090,517,901,546,814,368,1060,323,131,40,27,33,353,47272,9525,11596,11791,10953,8751,7985,8889,9638,11473,11951,11593,10374,9194,8623,6081,3760,2251,1269,591,142,18,38828,5043,10915,4562,64190,32906,77958,78483,156442,2371,1593,10794,10645,25946,43568,100,10577,3819,14108,32906,43676,22965,3998,2964,1925,39146,8852,32906
"Adelaide",10020,8806,2560,515,116,75,50001,200,1589,637,1875,2377,4234,2963,4030,4127,4983,4466,3740,3358,6222,3608,2526,2801,1242,1345,1345,1201,159,4533,1520,11259,76323,594,399,914,1346,593,967,713,1051,1055,2040,1691,2479,1508,2027,1494,1713,734,2419,813,356,184,87,148,766,50233,8360,8169,7473,9374,15579,14976,13760,11310,10309,10291,10013,9874,8915,7959,5455,4127,3194,2591,1320,339,31,58309,7018,11952,3619,58531,24004,81061,82376,163440,11868,4132,31861,11840,13684,40256,82,8667,5055,11999,24004,45882,27080,3706,3624,3095,47867,8178,24004
"Barker",8579,7780,3286,880,191,83,44103,169,517,530,1644,2329,5900,3311,6078,4990,5539,4786,3384,3143,4866,2528,1247,875,348,355,252,288,45,3840,1994,16256,75232,1054,440,771,1431,1155,1935,1660,2094,1312,1599,639,622,204,217,64,68,14,56,34,30,14,11,48,718,59068,8290,9313,9252,8880,7550,7833,8125,8094,9077,10376,10583,10747,10443,10055,7483,5526,3801,2606,1145,289,28,36944,8195,11269,4304,61928,26857,75469,74032,149501,1238,1268,8224,8053,22907,46143,155,15599,4022,15023,26857,38914,23027,4024,2590,1438,44843,7803,26857
"Boothby",9711,9906,3022,558,127,47,37175,100,541,441,1139,1513,3636,2661,3822,3779,4636,4138,3300,3117,5741,3969,2650,1883,1087,977,836,616,69,4125,1023,6378,62167,358,157,377,590,356,594,363,544,528,972,797,1259,854,1201,787,899,380,787,239,104,49,30,55,436,49460,7736,8376,8250,9326,9433,8287,8706,8913,9625,9876,9829,9943,9051,8607,6516,4756,3694,2921,1569,378,37,38963,7298,10500,2993,61718,24357,70245,75588,145832,7445,3590,23698,12198,17282,37688,57,7132,3961,8424,24357,38916,26524,3487,2269,2331,42879,5072,24357
"Grey",8005,6809,3004,919,206,82,46286,171,597,591,2026,2671,6063,3201,5864,4552,5027,4227,2896,2798,4623,2509,1428,1099,448,440,245,293,45,4138,2782,23339,82086,1266,825,1344,1789,1044,2040,1776,1941,986,1492,643,806,242,270,94,116,31,94,48,37,29,13,57,1021,64085,8354,8881,8645,7821,7171,7966,8076,7466,8295,9655,10360,10907,10170,9512,7681,5370,3581,2336,989,254,28,38050,8255,10814,4259,56272,25880,72951,70570,143524,1049,1157,7703,7064,22772,44232,140,14015,3190,16318,25880,33647,20025,3885,3364,1617,45886,9224,25880
"Hindmarsh",10150,8869,2535,440,114,50,46076,144,753,513,1589,2332,5020,3278,4875,4731,5407,4386,3643,3247,5978,3726,2466,1829,908,825,759,477,65,4076,1529,9750,72304,443,365,890,1228,540,854,645,1138,1080,1977,1629,2124,1133,1539,898,1062,463,1315,416,173,84,52,51,663,51549,7861,7435,6817,8021,10664,11019,10999,9733,9397,9986,9885,9734,8937,8462,6642,5398,4562,3433,1806,404,43,45392,8854,12030,3600,59262,22115,73268,77976,151244,6222,2726,21508,11955,18743,42605,62,10099,4437,10778,22115,41733,26154,3662,2894,2382,45715,6594,22115
"Kingston",10843,9943,3172,805,174,67,37303,108,431,365,1263,1775,4526,3270,5336,4951,5634,4828,3794,3304,5592,3066,1548,817,399,261,176,90,26,3790,1246,7425,64026,199,181,597,676,322,532,431,647,583,1599,1876,2520,1321,1265,504,422,116,164,55,23,10,8,25,428,49521,9593,9670,8877,8983,9062,9324,10285,9576,9744,9909,9677,9562,9140,8701,6011,4011,2854,1863,835,205,18,40729,6016,12815,4337,55874,28145,72305,75602,147907,2033,1570,10779,10676,26705,45046,109,8521,3875,10448,28145,37653,24587,3736,3445,2242,41915,6187,28145
"Makin",10475,10088,3270,792,179,94,35954,120,548,336,1033,1485,3862,2590,4718,4401,5381,4621,3744,3470,6057,3629,2038,1250,590,453,380,160,21,3714,1073,5512,61190,247,152,433,565,246,406,315,535,399,1020,1206,2250,1264,1302,585,324,128,312,66,19,7,6,18,393,48995,8976,9178,8613,9242,9682,9752,10589,10151,10051,10238,9894,9267,8485,8410,6342,4551,3073,1963,848,189,22,39395,6791,10500,3874,62186,26770,73854,75665,149515,3666,1869,13847,11213,23953,44950,118,9338,4265,9529,26770,41927,24132,3381,3242,2314,42893,4856,26770
"Mayo",8197,8549,3190,765,128,64,37602,110,409,415,1053,1511,4090,2819,4818,4162,4869,4071,2985,2988,4966,3106,1834,1411,733,691,572,386,69,4256,1197,14565,68090,531,134,182,395,227,474,381,695,583,1114,945,1140,684,706,347,361,119,292,101,35,18,8,35,331,58239,7132,8664,8765,8508,6495,5601,6340,7230,9008,9982,10069,10775,10450,10787,8131,5343,3519,2291,997,262,29,31276,6496,11069,3384,63591,24554,68767,71593,140368,4012,2663,15446,11463,21293,38179,88,7945,3823,10902,24554,34450,25196,3765,1845,1632,42574,6351,24554
"Port Adelaide",12543,10481,3535,1027,294,165,41561,158,710,525,1918,2589,5311,3353,5530,5173,5952,5044,3840,3473,5803,3314,1716,1043,398,315,257,163,20,4099,1619,7879,70182,420,379,1168,1384,618,988,728,1235,1202,2161,1911,2651,1260,1404,717,628,197,396,110,36,16,11,29,739,49799,10517,10225,9428,10163,11289,11728,12804,10978,10848,11564,11495,10995,9039,7591,5242,4326,3240,2218,1141,225,37,50673,8028,13610,5097,57507,30170,81236,83847,165088,3194,1629,13385,9724,22781,50883,174,14773,6294,12073,30170,42573,24371,3791,4490,2874,49947,6870,30170
"Sturt",10195,10032,3047,580,93,42,39498,142,865,461,1294,1887,4434,2767,4311,4127,5010,4093,3310,3129,5637,3487,2410,1952,983,995,906,750,110,4023,1198,7242,65521,452,191,559,815,384,564,416,651,669,1429,1247,1868,1116,1431,817,828,313,875,280,113,61,25,48,509,49873,7905,8319,8276,9187,9293,9210,9592,9413,9787,10331,9631,9038,8112,8183,6950,5888,4492,3374,1722,412,47,39147,8711,10304,2986,63519,24497,71450,77713,149159,8823,3328,25482,11433,14677,38296,57,9482,4285,8816,24497,39181,25583,3066,2580,2443,46818,4997,24497
"Wakefield",11403,9912,4195,1400,432,244,41431,167,506,481,1770,2435,5323,3689,5975,5300,5942,4997,3748,3405,5363,2770,1525,916,397,302,205,176,31,4219,1739,8755,70136,466,363,800,1143,606,1034,1115,2104,1928,3041,2122,1995,684,555,175,179,30,150,44,14,19,7,32,654,50892,12251,12185,11004,11019,11492,11372,11220,9730,10308,11155,11599,10853,9073,7831,6020,4546,3351,2079,883,217,25,48334,7555,12728,5520,58633,35445,83651,84557,168207,1404,1165,8236,9328,26439,53134,231,13770,4797,14267,35445,39831,23488,4003,4860,2607,49612,8365,35445
"Brand",11080,10858,4175,1210,276,131,35890,121,681,310,1031,1334,3131,2277,3580,3297,4220,3859,3521,3339,6640,3957,2397,1934,986,829,645,333,52,6141,1193,10425,66236,306,80,104,398,217,402,216,480,375,1004,739,1690,1058,2227,1412,1763,507,990,155,42,21,7,40,380,51629,12804,12806,10980,10507,11387,12545,13259,11536,11621,11416,10431,8625,7101,6192,4826,3550,2400,1398,485,145,4,45361,5108,10999,4815,61152,36599,81996,82031,164025,2118,1529,10999,10938,28494,46822,82,7377,3874,15194,36599,45364,21939,4337,5199,2770,38125,9696,36599
"Burt",12443,11619,4194,1261,368,164,34798,132,752,382,1030,1159,2942,2125,3523,3490,4619,4462,3795,3423,6920,4200,2567,1950,1015,818,644,354,44,5046,1142,7761,64283,324,97,131,380,223,370,254,391,227,656,609,1664,923,1647,877,1277,455,1637,267,49,19,5,38,395,51377,13441,12459,10908,10903,11637,13299,14799,13213,11645,11037,10282,8798,8064,6706,4419,3255,2074,1224,482,127,6,45513,5033,10090,4226,67105,36808,84525,84254,168783,4750,1730,16798,11534,23424,48439,119,8152,4730,12292,36808,48394,24417,4146,4971,3053,39721,7274,36808
"Canning",9037,8604,3298,980,242,95,37403,151,702,409,1031,1463,3836,2442,4349,3323,4087,3451,2744,2769,5274,3173,1955,1855,967,838,644,441,74,5491,1479,14329,67286,472,72,109,357,182,493,281,565,369,855,715,1489,782,1475,813,1046,295,781,197,55,19,7,40,329,55488,9135,9838,9150,8883,8056,8165,8811,8359,9243,9866,9891,9346,9004,9189,7136,5523,3456,1993,792,179,16,35063,6283,11176,4337,61040,28118,72128,73890,146016,1748,1437,9635,10022,25604,43722,93,8605,3774,13264,28118,36012,20429,3932,4045,2137,43293,8052,28118
"Cowan",10413,10984,3818,1078,323,189,28435,116,509,318,835,997,2579,1739,2969,2831,3785,3593,3164,3147,6063,3919,2519,1775,944,752,574,342,34,4484,983,5298,54266,304,81,87,455,163,293,151,223,108,227,171,689,421,1126,727,1315,464,1849,335,62,17,17,16,319,44638,10598,10744,9992,10285,9725,10000,11372,10798,10612,10595,9655,8610,7136,6308,4256,3033,1963,1204,518,122,13,39050,4799,9157,3607,59592,31331,73347,74189,147537,2581,1566,13730,10175,21380,44178,95,7950,4990,9559,31331,42415,23480,3802,3851,2460,34566,5631,31331
"Curtin",8029,8924,3373,555,69,16,39227,128,855,426,970,1268,2451,1870,2239,2365,3172,2860,2488,2499,5033,2996,2366,4041,2171,2271,2564,2679,401,4959,1142,10472,64691,580,129,175,721,220,350,213,422,335,752,611,1210,601,978,617,1182,477,2703,1593,934,688,396,910,422,47469,7402,8567,9087,9048,9932,10983,10473,9281,9464,9968,9100,8496,7663,6774,5502,4297,3226,2268,1195,329,27,43692,5807,9363,2588,56580,25063,69526,73566,143092,12575,4436,35015,10691,8940,28586,27,3892,3045,10820,25063,41370,24914,3049,2211,2357,36168,7955,25063
"Durack",9160,8602,3926,1252,308,193,54962,217,815,578,1459,1773,3605,2403,4426,3846,4854,4226,3356,3619,7349,3879,2835,3217,1327,1522,1153,1018,165,5727,3749,23650,90783,3026,3626,1146,2336,1126,1543,1178,1721,831,1651,901,1713,557,1123,422,871,167,1312,687,485,314,160,454,2457,60991,13213,13316,11058,9295,10185,14815,16166,14041,13731,13493,13063,11818,9387,6909,4658,3033,1939,1093,416,118,19,57715,4867,11773,5299,64525,37587,98703,83063,181762,2062,1802,12294,9675,29887,48853,136,9750,4125,25587,37587,58595,19302,6326,4045,1645,35925,18342,37587
"Forrest",8868,9027,3438,862,181,69,37851,134,572,392,1066,1540,3569,2502,4203,3645,4093,3759,3093,3075,5527,3344,2096,1605,740,738,530,388,61,5409,1447,15378,68904,650,134,139,703,297,693,386,710,387,1017,759,1755,979,1641,1014,1262,408,864,133,35,19,11,63,469,54385,9578,10613,10251,9157,6748,7936,9263,9550,10334,10594,10010,9972,9183,8609,6073,4314,2832,1777,784,168,11,35984,5813,10910,4050,60555,30447,72883,74887,147770,1893,1839,12241,9801,24878,41024,62,8024,3809,13754,30447,37456,23997,4430,3012,1884,37778,8778,30447
"Fremantle",10315,9977,3125,637,130,51,37728,125,644,362,1208,1469,3052,1956,3003,2885,3678,3384,3049,3080,6166,4176,2878,2744,1373,1247,1153,790,90,5143,1226,9973,64846,415,188,229,889,321,485,273,404,199,479,351,941,566,1335,922,1674,637,2637,805,310,164,84,114,473,49964,9968,9494,8309,8461,9128,11056,12368,11577,11056,10895,9824,8965,7701,6565,4585,3570,2682,1670,695,174,12,43897,5398,10833,3657,57189,27764,72860,75875,148741,5768,2994,20650,11152,20037,36588,44,7574,4064,12101,27764,45161,24239,3978,3522,2338,33199,8540,27764
"Hasluck",9743,9053,3308,904,215,117,33858,124,586,362,960,1185,2940,1930,3258,3077,4014,3579,3084,2912,5691,3562,2208,1911,988,865,721,475,87,4823,1134,7373,57864,399,98,89,405,243,363,191,306,159,414,405,1121,638,1411,836,1041,320,1084,221,69,29,16,30,355,47608,8913,9259,8915,9290,9031,9282,10128,9552,9946,10338,9892,9096,8125,7665,5365,3870,2635,1533,613,169,8,39065,5314,10286,4021,57844,27090,72878,70745,143625,3352,2016,13830,10606,21627,40391,65,7439,4116,13091,27090,40480,21605,3737,3691,2128,37612,7275,27090
"Moore",9365,11297,3727,693,100,40,28345,92,507,288,626,728,1962,1455,2390,2430,3130,2840,2574,2585,5744,4166,2944,2818,1750,1661,1399,887,133,4985,815,5635,54543,225,40,43,121,78,130,116,143,54,141,92,401,227,815,697,1205,472,1898,733,367,182,74,81,196,46020,7903,9577,9478,9994,9200,7487,7998,8702,10140,10952,10768,10304,8876,7528,4514,2826,2057,1261,549,123,13,34967,4210,8117,2878,63127,26960,69541,70719,140262,4411,2797,19695,12551,20487,37546,45,4552,3702,7515,26960,42544,26093,3655,2870,2438,31141,4568,26960
"O'Connor",8587,7884,3545,1092,234,95,44260,159,588,487,1300,1883,4241,2604,4456,3706,4576,3986,3148,3239,5792,3328,2105,1817,772,823,552,537,74,4939,2192,17960,75247,1754,614,380,1185,675,1318,913,1519,815,1570,895,1600,604,954,424,535,158,487,142,38,21,11,49,862,57735,10028,10887,10133,9204,7823,9360,9818,9244,10105,10978,11305,11424,10110,9048,6412,4621,3031,1816,762,198,12,41259,6584,11197,4668,61569,31046,79765,76559,156319,1747,1664,10392,8780,23773,45990,109,10289,3877,18647,31046,43205,21476,4916,2874,1348,39161,12294,31046
"Pearce",11985,12638,4677,1359,275,187,38146,145,654,410,941,1126,2740,2154,3522,3417,4475,4425,3870,3846,7849,4730,2844,2300,1118,952,760,435,66,6589,1182,12435,72972,506,95,93,327,192,349,240,458,214,510,396,1247,812,1860,1212,1770,574,1513,402,123,50,25,61,350,59592,14391,14198,13067,12246,11766,13893,14339,12822,13542,13375,11534,9420,7776,7142,4963,3483,2116,1131,437,114,4,48243,4498,11195,5066,71106,41654,89971,91796,181766,2781,1798,13781,13413,29550,50703,80,7176,4648,16172,41654,52937,26501,5046,4607,2898,37665,10453,41654
"Perth",9289,7606,2154,413,98,31,49162,168,1025,476,1358,1705,3310,2169,3191,3276,4118,3778,3427,3236,6882,3851,2876,3535,1517,1610,1446,1259,104,4814,1383,13818,74330,545,176,263,848,326,566,304,649,415,995,812,1700,927,1925,1307,2230,906,4328,1722,623,311,140,212,633,51452,8159,7196,6090,6790,11078,16448,16468,12216,10401,9828,9215,8625,7736,6568,4611,3642,2720,2030,1018,220,27,54612,5870,11159,3579,54419,21447,75453,75637,151089,8610,3701,29283,12057,15863,34743,53,6465,4048,14824,21447,50261,24188,3835,3636,2543,33922,11255,21447
"Stirling",10079,8716,2732,581,173,93,41921,155,744,446,1158,1734,3639,2460,3683,3586,4567,4083,3386,3115,6024,3469,2479,2376,1246,1239,1057,842,105,4464,1328,9819,67215,477,189,191,891,353,533,294,473,282,771,665,1969,1171,2348,1520,1994,527,1899,696,382,152,69,92,555,48731,9593,8419,7334,7428,9359,13401,14170,10998,10206,9408,8696,8196,7469,6892,5376,4505,3347,2113,871,202,4,43966,6196,10868,3599,58014,25340,72602,75393,147993,5738,2741,23064,11989,16814,37340,86,8102,5040,11722,25340,43583,24026,3578,3554,2442,37518,7966,25340
"Swan",9966,7955,2454,605,133,91,50135,186,1211,560,1491,1810,3686,2426,3427,3608,4788,4074,3601,3417,6630,3834,2764,2873,1285,1254,1180,907,114,5041,1355,13606,75134,622,285,314,1276,568,807,421,683,429,871,761,2012,1189,2606,1762,2732,999,3693,1040,418,210,114,163,744,50418,9806,8197,7030,8615,15575,17871,16656,12504,10255,9668,8953,8653,7712,6608,4673,3815,2863,2249,1178,292,22,57306,6612,11817,3976,58460,25033,82162,81047,163199,8785,3171,27500,12562,17247,41355,83,6859,4412,16192,25033,48884,25615,4024,4367,3398,39973,11903,25033
"Tangney",8956,10188,3321,645,107,36,30526,97,741,387,841,1009,2558,1793,2613,2524,3304,2891,2496,2429,4985,3350,2437,2717,1658,1651,1493,1173,195,4399,937,6289,54962,429,69,88,374,163,224,105,229,99,246,166,573,393,869,617,1156,454,2147,884,363,170,93,176,293,44580,6641,8438,8905,9724,9188,7608,7478,8140,9180,9604,9249,9026,8613,7597,5343,4102,3215,2421,1227,314,17,34816,6095,7632,2449,61055,23980,66123,69916,136035,7620,3310,25549,11317,13100,33726,36,5464,3720,8212,23980,37189,23920,2859,2674,2566,37830,5018,23980
"Bass",6393,5542,2068,590,135,63,29263,82,411,288,1301,1651,3884,2513,3947,3235,3649,3011,2320,2035,3284,1822,960,685,287,284,257,179,30,2606,1105,7589,47431,373,302,416,676,621,1080,1108,1615,923,1398,919,1054,404,389,152,178,49,135,33,16,3,3,20,383,35182,5776,6307,6000,6571,6999,5894,5914,5656,6249,6850,6816,6896,6366,6026,4735,3385,2402,1646,743,147,14,28932,5583,8308,2822,37668,18080,49290,52101,101389,2164,1233,9135,5941,14639,29568,97,8615,2658,9257,18080,24228,16226,2504,2141,1517,31054,5641,18080
"Braddon",6199,5118,2026,588,151,70,28701,74,324,291,1158,1730,4331,2457,4148,3297,3573,2999,2116,1973,2984,1556,814,564,242,204,113,157,20,2626,1314,7720,46781,493,338,423,822,665,1108,1051,1738,1074,1462,636,510,124,161,45,53,7,38,12,12,8,0,12,416,35575,5462,6114,5867,6006,5187,4999,5095,5085,5734,6554,6996,7215,6756,6479,4975,3686,2558,1478,662,142,8,25108,5774,8210,3069,37447,17442,47254,49808,97058,1026,905,5615,5451,15988,28427,110,10431,2320,9344,17442,22223,14613,2552,2160,1162,31917,4984,17442
"Denison",6688,5411,1866,473,126,56,30926,82,453,305,1085,1521,3286,2395,3140,3090,3680,3177,2457,2201,3745,2153,1396,1166,517,510,516,363,38,2815,1010,6165,47255,295,214,454,807,467,776,745,1136,800,1403,1109,1444,677,849,455,481,209,731,251,79,34,9,31,353,33427,5371,5827,5605,6279,7694,7633,6882,6152,6546,6723,6811,6987,6228,5520,4110,3133,2377,1674,822,184,19,34076,5256,8737,2797,34911,16801,49819,52756,102574,5731,2470,14748,6463,11845,26815,85,6762,2499,8345,16801,26121,17666,2481,1758,1754,30551,5434,16801
"Franklin",6838,6412,2281,612,131,58,27595,66,273,249,804,1271,3104,2129,3316,3146,3713,3171,2595,2293,4119,2420,1451,978,435,389,300,201,36,2809,965,6553,46774,337,137,248,429,241,428,377,627,491,952,765,1070,532,668,341,310,95,250,51,23,4,0,14,238,38144,6222,6770,6402,6112,5074,5322,6158,6162,6753,7182,7114,7745,7145,6820,4943,3691,2430,1533,683,162,18,26572,5089,8782,2736,41858,19401,50824,53618,104446,3189,1978,11421,7666,15186,27832,63,6893,2734,8076,19401,26265,17502,2626,1427,1160,31881,4197,19401
"Lyons",6432,5405,2101,655,143,87,30111,86,338,327,1166,1718,4190,2485,4421,3604,3808,3187,2259,1995,2953,1546,743,558,200,176,112,142,25,2926,1358,13953,54259,722,271,273,571,351,775,813,1297,769,1127,587,586,167,229,76,60,14,43,19,8,8,6,21,375,45097,5595,6472,6339,6045,4816,4737,5182,5188,6143,7127,7726,8481,8222,8043,5640,3711,2218,1235,474,111,7,26305,5243,9098,3184,41277,18407,51720,51791,103509,1262,923,5928,5913,16466,30470,94,10537,2559,10953,18407,22813,15492,2976,2066,1126,34307,6326,18407
"Lingiari",6250,5341,2540,1057,389,311,28181,76,336,313,721,702,1421,1001,1830,2025,2526,2414,1917,1981,3744,2302,1621,1385,662,629,540,420,56,3089,2243,10064,44021,2232,3511,1142,883,429,566,376,500,304,452,216,479,170,420,236,465,166,1010,459,209,109,30,104,1807,27756,8814,9114,8365,7810,8324,9792,9758,8450,8132,8496,7842,6703,5308,3528,2050,1092,572,276,83,23,3,36960,3146,5943,3176,39025,26300,60054,54494,114543,1876,1326,6882,4970,13196,24932,273,10753,3366,20672,26300,30390,9028,3308,3561,1085,27942,12947,26300
"Solomon",7251,6240,2337,710,165,77,30200,66,292,156,445,757,1138,845,1247,1482,2223,2299,2204,2351,5122,3255,2579,2805,1226,1225,1322,870,137,3616,1214,8561,47443,534,522,517,434,247,276,200,345,517,725,271,842,479,1058,621,1243,447,3597,2311,1209,532,245,317,933,29014,8886,7768,6751,6324,8264,11822,11561,9565,8417,7891,6979,6159,5030,3783,2215,1423,702,398,135,35,0,38443,2468,7378,2827,39599,23406,58524,55591,114116,4407,2190,13946,7862,16352,26139,87,4722,2666,12351,23406,44011,12597,3830,1912,1078,17769,9516,23406
"Canberra",12664,12200,4023,929,194,84,50027,98,593,367,937,1395,2541,1966,2747,3251,4389,4608,4316,4036,9261,5657,4596,4921,2355,2731,2370,2264,229,5356,1182,10744,82912,479,387,752,1032,491,605,366,551,406,627,437,1000,752,1586,1377,2226,1109,4002,1521,578,292,173,249,680,61225,11527,11709,10872,12977,14656,14719,14447,13100,13156,13482,13520,12603,10708,9617,6918,4901,3368,2290,1151,271,33,60036,7164,13548,4251,76921,34110,96423,99619,196042,16100,6687,34950,14947,17747,45751,84,7438,4584,13647,34110,67428,27611,5838,2293,2520,46356,9882,34110
"Fenner",13413,13518,4153,958,188,98,49592,94,680,362,957,1357,2353,2017,2769,3258,4798,5017,4853,4278,9706,6528,5028,4746,2262,2484,1880,1468,130,5216,971,8669,81872,471,304,646,989,507,601,424,564,513,695,582,1846,1414,2292,1887,2469,1222,4362,1538,459,161,61,126,699,57041,15367,13846,11500,11607,16768,17793,19231,17164,15162,13211,11040,9897,8563,7799,5354,3700,2512,1539,742,151,13,62513,5485,11933,3935,78377,40707,100045,102910,202954,18722,6742,36843,14943,17739,44026,92,7195,4467,11477,40707,70199,29725,5730,2580,2794,42531,8688,40707
